source_csv,record_index,line_number,score,reason,suggestion
AS-ITS.csv,1,2,78,缺少內容：未提供服務時間、服務範圍的具體說明、服務流程、常見問題與解決方案、以及服務績效指標等關鍵資訊。；建議：在說明中加入服務營運時間、詳細的服務申請與處理流程、常見問題與解答、服務品質與績效衡量方式，並提供完整的聯絡方式（如電子郵件、線上表單）以提升使用者的可取得性與滿意度。,補充缺失內容
AS-ITS.csv,2,3,0,缺少內容：目前的說明僅列出中研院資訊服務處提供的三大類服務（綜合業務、網路資訊、圖書資訊）以及相關的日期資訊，卻未具體說明每項服務的內容、功能、使用流程、申請方式或聯絡窗口，使用者無法直接了解如何利用這些服務。；建議：在說明中加入各服務的詳細介紹，例如服務項目、使用條件、操作步驟、常見問題與解答，並提供直接的連結或聯絡方式；同時可將日期資訊整理為服務更新或維護時間表，讓使用者清楚掌握服務的可用性與最新狀態。,補充缺失內容
AS-ITS.csv,3,4,90,缺少內容：目前的說明中未提供員工帳號密碼重設的完整操作流程圖示、常見錯誤代碼的處理方式，以及在院外無法使用備用信箱時的備援方案說明，亦缺少對於FIDO載具遺失或更換後的具體重新註冊步驟與所需文件清單。；建議：建議在說明文件中加入密碼重設的逐步圖解（包括點選「密碼重設」、驗證備用信箱、設定新密碼的每一步），列出常見錯誤代碼與對應的解決方法，說明若備用信箱未設定或無法使用時的臨時驗證流程（如聯絡資訊服務處並提供身分證明文件），並補充FIDO載具遺失、損壞或更換時的重新註冊操作說明與所需表單，確保使用者能在各種情境下順利完成帳號與驗證設定。,補充缺失內容
AS-ITS.csv,4,17,65,"缺少內容：目前的說明中未提供服務範圍的具體項目、常見問題（FAQ）列表以及服務流程的詳細說明，導致使用者在遇到特定問題時可能不清楚是否屬於本服務的支援範圍，也缺乏快速自助解決的參考資訊。
建議：在說明中加入服務範圍的明確列點（如系統帳號管理、網路設備故障、軟硬體安裝等），提供常見問題與解答的 FAQ 連結或列表，並說明諮詢與處理的標準流程（如提交單據 → 初步回覆 → 現場支援 → 完成回報），以提升使用者的使用效率與滿意度。",補充缺失內容
AS-ITS.csv,5,26,78,缺少內容：在原始說明中未提及課程報名人數未達15名將取消開課的規定、課程錄取的優先順序（如研究人員優先、依Email報名順序及先前到課率等）、以及聯絡信箱從 its@gate.sinica.edu.tw 改為 train@gate.sinica.edu.tw 的更新資訊。建議：在說明中補充上述缺失的細節，明確列出報名人數門檻、錄取優先原則與最新的聯絡信箱，確保資訊完整且與官方網站內容保持一致。,補充缺失內容
AS-ITS.csv,6,31,90,缺少內容：說明中未提供具體的操作步驟、常見問題解答（FAQ）以及完整的聯絡方式（如電子郵件或線上客服），導致使用者在首次綁定「我的e政府帳號」或查詢學習時數時可能遇到困難。；建議：在說明中加入詳細的綁定流程圖或文字步驟、常見問題與解決方案，並補充完整的聯絡資訊（電話、電子郵件、線上客服連結），以提升使用者的操作便利性與問題解決效率。,補充缺失內容
AS-ITS.csv,7,36,70,缺少內容：未提供各類身分別所需達標的具體「學習時數」數值，亦未列出各課程對應的時數要求與完成方式，缺乏對「各類職務年度課程相關時數規定一覽表」的具體說明與直接連結，導致使用者無法快速查閱所需時數資訊。；建議：在說明中加入每種身分（如全院同仁、院本部同仁、資訊室同仁、圖書館員、訪客）對應的環境教育、資安、學術倫理、研究倫理、生物安全、性別平等等具體時數要求，提供一覽表的直接下載或超連結，並說明如何在「個人學習時數查詢系統」中核對已完成時數，同時加入常見問題與聯絡窗口的詳細資訊，以提升使用者查詢與完成學習時數的便利性。,補充缺失內容
AS-ITS.csv,8,37,95,缺少內容：政策說明中未列明聯合採購的申請流程、所需提交的文件清單、審核時程以及費用分攤的具體計算方式。建議：在政策說明中加入申請步驟圖示、所需表單範本、審批時限說明，並提供費用分攤計算範例及常見問答連結，以便使用單位快速了解並完成申請。,補充缺失內容
AS-ITS.csv,9,38,75,缺少內容：說明中未提供 KMS 伺服器的完整 IP 位址或主機名稱、缺少啟動失敗時的錯誤代碼與對應處理方式說明、亦未列出常見問題與解決步驟的 FAQ。；建議：在文件中加入 KMS 伺服器的具體地址（例如 140.109.1.10 或相應主機名稱），提供常見錯誤代碼（如 0xC004F074、0xC004F074 等）及其排除方法，並增設一段 FAQ，說明如防火牆、時區、日期時間設定不正確等情況的處理方式，同時提供聯絡資訊的完整格式，以便使用者快速解決啟動問題。,補充缺失內容
AS-ITS.csv,10,41,100,完全涵蓋，無缺失,無
AS-ITS.csv,11,97,95,缺少內容：未提供差異說明,補充缺失內容
AS-ITS.csv,12,98,100,完全涵蓋，無缺失,無
AS-ITS.csv,13,107,55,"缺少內容：公告未提供IT支援聯絡方式（電話、電子郵件或即時通訊窗口），缺少詳細的資料備份與郵件遷移步驟說明，未說明離職或退休人員帳號停用與資料保留流程，也未列出常見問題與解答的摘要或快速連結。
建議：在公告中加入明確的支援聯絡資訊（如服務台電話、支援信箱），提供分步驟的資料備份與 Gmail/Drive 遷移操作手冊，說明離職/退休人員帳號的停用與資料保存程序，並在公告末尾加入常見問題（FAQ）摘要或直接連結至完整的 QA 網站，以便使用者快速取得所需資訊。",補充缺失內容
AS-ITS.csv,14,144,78,缺少內容：未提供資訊服務處的聯絡窗口或支援電話、未說明資料下線後的刪除流程與保留期限、未列出 Google Drive 的容量限制與使用政策、未提供遷移工具或腳本的操作說明、未說明若資料超過容量限制時的處理方式、缺乏常見問題解答與使用者培訓資源的連結；建議：在公告中加入資訊服務處的聯絡方式與支援時間，說明資料下線後的刪除機制與保留期限，簡要說明 Google Drive 的容量上限與使用規範，提供官方或自製的遷移工具/腳本操作步驟，說明超額資料的分批上傳或申請額外容量的流程，並附上常見問題（FAQ）與線上培訓資源的連結，以協助同仁順利完成資料備份與轉移。,補充缺失內容
AS-ITS.csv,15,172,90,缺少內容：申請流程中未說明所需提交的具體文件清單、審核時限以及聯絡窗口的聯絡方式，亦未提供常見問題的解答或申請成功案例供參考。；建議：在說明中加入必備文件清單（如單位主管簽核、使用目的說明等），明確標示審核預計所需時間，提供負責人姓名、電話與電子郵件，並增設 FAQ 或範例表單下載連結，以提升申請人對流程的了解與順利完成申請。,補充缺失內容
AS-ITS.csv,16,173,100,完全涵蓋，無缺失,無
AS-ITS.csv,17,176,85,缺少內容：目前的說明未提供使用者在連線失敗時的具體排除步驟、常見問題解答（FAQ）以及聯絡支援人員的電話或即時通訊方式，亦缺乏對於不同作業系統（如 Windows、macOS、iOS、Android）設定 Eduroam 的詳細操作指引。建議：在說明中加入逐步的故障排除流程（如檢查 SSID、驗證憑證、重新輸入密碼、檢查 VPN 設定等），提供常見問題與解答列表，列出支援服務的聯絡電話與電子郵件，並針對主要作業系統提供圖文並茂的設定教學，確保使用者能快速解決連線問題。,補充缺失內容
AS-ITS.csv,18,179,100,完全涵蓋，無缺失,無
AS-ITS.csv,19,182,100,完全涵蓋，無缺失,無
AS-ITS.csv,20,183,100,完全涵蓋，無缺失,無
AS-ITS.csv,21,186,15,"缺少內容：說明中未提供聯絡資訊（如支援電話、電子郵件或服務台網址），亦未說明如何申請前往資安風險較高國家/地區之專屬 VPN 服務的具體流程與所需文件；此外，缺乏對於 FIDO 身分驗證的設定步驟、支援的作業系統與 VPN 客戶端版本的詳細列表，使用者在實作時可能會遇到障礙。
建議：在說明文件中加入支援聯絡方式（電話、Email、服務台連結），並提供「高風險國家專屬 VPN 申請」的步驟說明與表單連結；同時補充 FIDO 設定的操作指引、支援的作業系統與 VPN 軟體版本清單，並在常見問題頁面中加入相關條目，以提升使用者的可操作性與問題解決效率。",補充缺失內容
AS-ITS.csv,22,210,100,完全涵蓋，無缺失,無
AS-ITS.csv,23,212,100,完全涵蓋，無缺失,無
AS-ITS.csv,24,216,35,缺少內容：原文未說明第二階段導入業務帳號的具體時間表、申請流程、所需提交的文件或審核標準，也缺乏業務帳號使用者在申請前後需要注意的安全設定與支援聯絡窗口資訊。建議：在說明業務帳號的段落中加入「第二階段導入時間」與「申請步驟」說明，列出所需資料（如部門主管核准、業務說明文件等），提供申請表格下載連結或聯絡窗口（電話、Email），並說明完成申請後的帳號啟用與雙因素驗證設定流程，以便使用者能完整了解並順利完成業務帳號的申請與使用。,補充缺失內容
AS-ITS.csv,25,230,80,缺少內容：原始說明未提供申請流程的具體步驟、所需填寫的欄位說明、審核時程以及聯絡窗口的詳細資訊，導致使用者在實際申請時可能無法確定應如何操作或何時可取得帳號。；建議：在說明中加入完整的申請步驟（如登入全院電子表單平台、選擇表單、填寫「帳號申請用途」欄位範例、提交與審核流程），明確列出必備資料（如計畫名稱、單位、負責人聯絡方式），說明審核所需時間（例如 3~5 個工作日），並提供負責人或服務窗口的電話與電子郵件，以便申請人有疑問時能即時取得協助。,補充缺失內容
AS-ITS.csv,26,233,5,缺少內容：服務使用限制的具體說明未在文件中提供，未說明每日發信上限、附件大小限制、可使用的收件人數量等相關限制。；建議：在說明中補充完整的服務使用限制條款，列出發信頻率、附件大小、收件人上限、禁止使用情形等細節，並提供相關政策連結或聯絡窗口，以便使用者了解並遵守規範。,補充缺失內容
AS-ITS.csv,27,238,25,缺少內容：目前的說明僅列出帳號、密碼、伺服器與埠號等基本參數，缺乏各常用郵件客戶端（如 Thunderbird、Outlook、iOS Mail 等）的具體設定步驟、驗證方式（如是否使用 SSL/TLS、STARTTLS）以及在院外使用時的 VPN 連線指引；同時未說明密碼變更流程、是否需要啟用兩因素驗證或其他安全措施，也未提供常見錯誤排除方式。；建議：在說明中加入每種郵件軟體的詳細設定流程（包括選擇協定、埠號、加密方式、驗證方式的選項），補充密碼首次設定與變更的操作說明，說明在院外使用時如何啟動 VPN 以及相關的連線設定；同時提供安全建議（如使用 TLS/SSL、定期更換密碼）與常見問題與解決方法的 FAQ，並在文件中加入相關截圖或連結，以提升使用者的設定成功率。,補充缺失內容
AS-ITS.csv,28,241,60,缺少內容：說明中未提及使用者在首次登入隔離區時的認證方式（如是否需要輸入帳號密碼、單一簽入或使用 VPN），以及在處理被誤判的正常信件時，如何將該信件重新放行至原收件匣的具體步驟。建議：補充登入認證流程的說明，並提供「救回誤判信件」的操作指引，例如在隔離區信件列表中選取信件後點選「重新投遞」或「解除隔離」的功能說明，同時說明此操作的生效時間與可能的審核機制，以提升使用者對系統的完整了解與操作便利性。,補充缺失內容
AS-ITS.csv,29,246,95,缺少內容：原始說明未提供完整的操作流程圖示、各平台（iOS、Android）下載 Google Authenticator 的直接連結，以及在更換行動裝置或時間同步失敗時的具體排錯步驟，亦未說明 @Mail2000 雙驗證的啟用與停用流程細節。；建議：在說明中加入逐步圖文教學，提供 Google Authenticator 的官方下載網址，列出更換裝置或時間校正的操作指引，並補充 @Mail2000 雙驗證的設定、切換與解除方式說明，同時提供常見錯誤代碼與對應解決方案的 FAQ，確保使用者能順利完成 OTP 雙驗證設定。,補充缺失內容
AS-ITS.csv,30,249,100,完全涵蓋，無缺失,無
AS-ITS.csv,31,252,95,缺少內容：未說明申請表格樣式與下載方式、未提供申請時限與審核流程、缺少聯絡窗口（電話、電子郵件）資訊、未詳細列出超額費用的計算與分攤方式、亦未提供常見問題或操作教學說明。；建議：在說明文件中加入申請表格範本或下載連結，明確標示申請截止日期與審核時程，提供負責單位的聯絡電話與電子郵件，詳細說明超額費用的收取與平均分攤計算方式，並增設常見問題與操作教學影片或步驟圖，以提升使用者的理解與使用便利性。,補充缺失內容
AS-ITS.csv,32,253,100,完全涵蓋，無缺失,無
AS-ITS.csv,33,254,85,缺少內容：未提供差異說明,補充缺失內容
AS-ITS.csv,34,255,100,完全涵蓋，無缺失,無
AS-ITS.csv,35,258,100,完全涵蓋，無缺失,無
AS-ITS.csv,36,259,100,完全涵蓋，無缺失,無
AS-ITS.csv,37,260,100,完全涵蓋，無缺失,無
AS-ITS.csv,38,261,95,"缺少內容：目前的說明未提供系統使用者在遇到登入或操作問題時的聯絡窗口與支援管道，也缺乏對於機敏會議資料的具體安全與保密措施說明，未列出資料保存期限的明確規範，且未說明系統的無障礙使用方式與常見問題解答（FAQ）。
建議：在說明中加入客服或資訊服務中心的聯絡電話與電子郵件，提供問題回報與技術支援資訊；明確說明機敏會議資料的加密、存取權限與不建議使用的原因；列出會議資料的保留期限與自動刪除機制，提醒使用者下載保存；加入無障礙使用指引與常見問題解答，提升使用者體驗與系統安全性。",補充缺失內容
AS-ITS.csv,39,264,100,完全涵蓋，無缺失,無
AS-ITS.csv,40,265,100,完全涵蓋，無缺失,無
AS-ITS.csv,41,266,100,完全涵蓋，無缺失,無
AS-ITS.csv,42,267,100,完全涵蓋，無缺失,無
AS-ITS.csv,43,268,100,完全涵蓋，無缺失,無
AS-ITS.csv,44,273,80,缺少內容：未提供資安事件通報流程圖的具體內容與步驟說明，僅提及可參考網站但未列出圖示或文字流程，導致使用者無法直接了解通報的詳細程序。；建議：在說明中加入完整的流程圖圖片或文字版流程步驟，並提供相關聯絡窗口（如資安小組電話、電子郵件）以及各類資安事件的分類說明，確保全院同仁能即時、正確地依照流程進行通報與處理。,補充缺失內容
AS-ITS.csv,45,274,100,完全涵蓋，無缺失,無
AS-ITS.csv,46,279,90,缺少內容：原始碼檢測服務的申請流程中未提供具體的聯絡方式（如電子郵件、電話或線上表單連結），亦未說明掃描作業的預估完成時間、可接受的檔案大小或格式限制，以及是否有任何使用者須遵守的安全或保密協議。建議：在說明中加入明確的聯絡資訊（例如資訊服務處的服務台電話、電子郵件或直接的線上申請表 URL），說明掃描作業的標準處理時程（如 3~5 個工作日），列出可接受的程式語言、檔案類型與大小上限，並提供相關的保密或資料保護政策說明，以便申請者能完整了解並順利使用本服務。,補充缺失內容
AS-ITS.csv,47,280,95,缺少內容：說明中未具體列出主機弱點掃描的範圍限制、掃描前後的作業流程細節（如掃描前的系統備份、掃描期間的服務影響說明）、報告交付的時間與格式、後續修補支援的方式與聯絡窗口，以及可能的資源需求或費用說明。建議：在服務說明中加入掃描範圍與例外項目說明、明確的作業時程與服務中斷通知機制、報告交付的具體時間表與內容格式、提供後續修補諮詢的聯絡方式與支援時段，並說明相關資源需求或費用（即使目前免費，也應說明適用條件與可能的變動），以提升使用者對服務的完整了解與預期。,補充缺失內容
AS-ITS.csv,48,281,95,缺少內容：服務的申請流程、聯絡窗口、使用者認證與權限管理方式、掃描結果的保密與保存期限、以及常見問題與使用手冊的說明未在原文中列出；建議：在服務說明中加入申請表單或入口連結、負責人姓名與聯絡電話/電子郵件、使用者帳號與權限設定方式、掃描報告的保存、銷毀與保密政策，並提供常見問題解答與操作手冊的下載或連結，以提升使用者的了解與操作便利性。,補充缺失內容
AS-ITS.csv,49,282,100,完全涵蓋，無缺失,無
AS-ITS.csv,50,285,100,完全涵蓋，無缺失,無
AS-ITS.csv,51,300,0,LLM 失敗: LLM response parsing failed after retries,稍後重試或檢查 API 回應
AS-ITS.csv,52,329,100,完全涵蓋，無缺失,無
AS-ITS.csv,53,338,95,缺少內容：未提供差異說明,補充缺失內容
AS-ITS.csv,54,607,100,完全涵蓋，無缺失,無
AS-ITS.csv,55,646,100,完全涵蓋，無缺失,無
AS-ITS.csv,56,661,100,完全涵蓋，無缺失,無
AS-ITS.csv,57,683,100,完全涵蓋，無缺失,無
AS-ITS.csv,58,693,100,完全涵蓋，無缺失,無
AS-ITS.csv,59,700,100,完全涵蓋，無缺失,無
AS-ITS.csv,60,701,25,缺少內容：目前的說明僅列出電子郵件防護的概念與大方向，缺乏具體的操作步驟、設定範例以及常見問題的解答，尤其在防駭設定、兩因素驗證、釣魚郵件辨識工具的安裝與使用說明上較為簡略，未提供完整的設定畫面截圖或逐步指引，導致使用者在實務操作時可能無法快速完成設定。；建議：在原有文件中加入詳細的設定流程說明，包括每個安全性選項的開啟方式、必要的系統需求、範例圖示與操作影片；補充常見的錯誤訊息與排除方法；提供針對居家與辦公室環境的具體防護措施清單，如 VPN 使用、郵件加密工具的部署步驟；最後，建立 FAQ 或檢查清單，方便同仁自行驗證設定是否完整，並定期更新內容以因應新興的社交工程攻擊手法。,補充缺失內容
AS-ITS.csv,61,702,100,完全涵蓋，無缺失,無
AS-ITS.csv,62,703,20,缺少內容：未說明各弱點掃描工具的選型依據、部署方式、授權與費用資訊，以及使用時的操作指引與注意事項。建議：在說明中補充每個工具的功能特點、適用情境、授權模式（如免費、商業授權或開源）、部署步驟、與現有資安平台的整合方式，並提供操作手冊或培訓資源的連結，以便全院同仁能依需求正確選用與執行掃描工作。,補充缺失內容
AS-ITS.csv,63,704,5,缺少內容：目前的指引未提供具體範例說明，例如完整的中文與英文郵件範本、密件副本（Bcc）使用情境示例，以及如何在不同部門間統一使用識別特徵的操作步驟。建議：補充實際範例郵件內容，列出常見情境的操作流程，並提供一份可直接套用的郵件範本（含中英文署名、聯絡資訊與識別標籤），以便各單位快速落實指引。,補充缺失內容
AS-ITS.csv,64,715,100,完全涵蓋，無缺失,無
AS-ITS.csv,65,716,100,完全涵蓋，無缺失,無
AS-ITS.csv,66,723,95,缺少內容：目前的說明僅概述了檢查表的目的、適用範圍與使用時機，卻未具體列出檢查表的各項檢核項目、評分標準、責任分工、風險評估與管理機制、交付驗收流程及後續維護安排等關鍵細節。缺乏這些具體內容可能導致使用單位在實務操作時仍出現規格遺漏、合約爭議或時程延誤的情況。；建議：在文件中補充完整的檢查表項目清單，包含需求分析、系統架構、技術規格、安全性、資料保護、測試計畫、交付標準、維護支援、合約條款要點、評分指標與權重、風險與應變措施等；同時提供範例填寫說明與常見問題解答，並明確說明各部門與資訊服務處的協作流程與時程，以確保委外開發案的規劃、採購與執行皆能符合院本部的政策與品質要求。,補充缺失內容
AS-ITS.csv,67,732,70,缺少內容：未提供差異說明,補充缺失內容
AS-ITS.csv,68,733,95,缺少內容：未提供電腦教室內部設備規格、是否收取使用費用、以及線上預約系統的操作說明。建議：在說明文件或網頁中加入設備清單（如電腦型號、軟體安裝情況）、收費標準（若有）以及線上預約平台的連結與步驟說明，讓申請者能更完整、快速地完成借用流程。,補充缺失內容
AS-ITS.csv,69,737,100,完全涵蓋，無缺失,無
AS-ITS.csv,70,738,100,完全涵蓋，無缺失,無
AS-ITS.csv,71,739,70,缺少內容：未提供各年度重要措施的具體內容與說明，僅列出年份與發布日期，缺乏措施的標題、目的、實施細節及相關連結。；建議：在每個年度條目下加入具體措施的標題、簡要說明、實施時間、影響範圍以及下載或詳細說明的連結，並確保資訊完整、易於查閱，以提升同仁對重要措施的了解與使用。,補充缺失內容
AS-ITS.csv,72,740,85,缺少內容：缺乏各申請表的具體填寫說明、所需附件、審核流程及提交方式的詳細資訊。 建議：在每項服務的說明中加入填表指南、必備文件清單、審核時程以及聯絡窗口與電話，並提供線上下載連結或 QR code 以便使用者快速取得表單。,補充缺失內容
AS-ITS.csv,73,741,35,缺少內容：目前說明中未提供服務的技術規格、介接流程圖、SLA（服務等級協議）以及資安合規認證（如 ISO27001、SOC2）等關鍵資訊，亦未說明申請表的填寫範例、審核時程與聯絡窗口電話或電子郵件。；建議：在原有文字中補充上述技術細節與合規資訊，加入介接流程圖與範例表單說明，明確列出審核所需時間、回覆方式及聯絡窗口，以提升申請者的理解與作業效率。,補充缺失內容
AS-ITS.csv,74,746,100,完全涵蓋，無缺失,無
AS-ITS.csv,75,748,100,完全涵蓋，無缺失,無
AS-ITS.csv,76,798,0,LLM 失敗: LLM response parsing failed after retries,稍後重試或檢查 API 回應
AS-ITS.csv,77,804,95,缺少內容：未提供差異說明,補充缺失內容
AS-ITS.csv,78,820,70,缺少內容：未提供差異說明,補充缺失內容
AS-ITS.csv,79,822,15,缺少內容：目前的常見問題說明中未提供 FIDO 驗證綁定的具體操作步驟、離職或退休人員帳號停用的流程說明，以及遇到「帳號不存在」時的詳細排錯指引。建議：在 FAQ 中加入 FIDO 綁定的逐步說明、離職/退休帳號管理流程、以及「帳號不存在」的常見原因與解決方式，並提供相關聯絡窗口與支援郵箱，以提升使用者自行解決問題的能力。,補充缺失內容
AS-ITS.csv,80,868,0,LLM 失敗: LLM response parsing failed after retries,稍後重試或檢查 API 回應
AS-ITS.csv,81,911,5,"缺少內容：文件未具體說明核心資通系統在執行「每二年業務持續運作演練」以及「每二年系統滲透測試」時的詳細流程、負責單位、測試範圍與驗收標準，亦缺乏對於「每年網站安全弱點檢測」的檢測頻率、檢測工具與報告提交方式的說明。
建議：在相關規範說明中加入演練與測試的操作手冊，明確列出執行步驟、時間表、負責部門與人員、測試範圍、評估指標與驗收標準；同時提供網站弱點檢測的檢測週期、使用工具、報告格式與審核流程，以確保各項安全措施能落實且可追蹤。",補充缺失內容
AS-ITS.csv,82,918,75,缺少內容：未提供資安檢核表（赴陸、返臺）範本與填寫說明；未列明各等級（B1、B2、B3）資安防護措施的具體執行細節與驗證標準；未說明資安檢測教育訓練的課程大綱、培訓時程、認證方式及檢測人員的資格要求；未說明違規或未達防護標準的處理流程與追蹤機制；未提供相關表單的提交渠道、負責單位與聯絡窗口。 建議：在文件中加入資安檢核表範例及填寫指引；針對B1、B2、B3等級分別列出防護項目清單、執行步驟與驗證方法；補充資安檢測教育訓練的課程內容、時間安排、結業認證標準及人員交接流程；明確規範未符合防護要求的懲處機制與後續追蹤程序；提供表單提交的線上平台網址、負責部門及聯絡人資訊，以便同仁依規操作。,補充缺失內容
AS-ITS.csv,83,938,70,缺少內容：缺乏具體的評分標準細節、獎金或獎勵金額、評比時間表、投票人數基準與比例計算方式、以及獎勵發放流程與聯絡窗口等資訊。；建議：在說明中補充完整的評分項目說明與配分方式、明確列出個人與單位的獎勵金額或其他獎勵形式、提供評比的具體時間與流程、說明投票人數基準（如投票人總數、最低票數比例）以及獎勵發放的程序與聯絡方式，確保所有參與者能清楚了解評比與獎勵的完整規範。,補充缺失內容
AS-ITS.csv,84,940,100,完全涵蓋，無缺失,無
AS-ITS.csv,85,943,100,完全涵蓋，無缺失,無
AS-ITS.csv,86,994,100,完全涵蓋，無缺失,無
AS-ITS.csv,87,995,90,缺少內容：未提供差異說明,補充缺失內容
AS-ITS.csv,88,996,70,缺少內容：未提供差異說明,補充缺失內容
AS-ITS.csv,89,997,30,缺少內容：目前的說明中未提供使用者在忘記密碼或帳號被鎖定時的處理流程，也未說明離職或退休後資料的保留與刪除機制，此外缺乏對於 FIDO 驗證設定步驟的詳細指引，以及對於不同使用者角色（如圖書館員、訪客）在權限管理上的具體說明。；建議：1. 加入密碼遺失或帳號鎖定的申請與恢復流程說明，提供聯絡窗口與所需文件。2. 說明離職或退休人員資料的保存期限、備份方式與最終刪除程序，確保符合資安與法規要求。3. 提供 FIDO 驗證的設定步驟與常見問題解答，降低使用門檻。4. 為不同使用者角色列出具體的存取權限範例與設定方式，確保檔案分享符合最小權限原則。5. 在說明文件中加入相關法規或內部政策的參考連結，提升透明度與合規性。,補充缺失內容
AS-ITS.csv,90,998,60,缺少內容：目前的 GWS 儲存空間政策未說明使用者若需超過既有配額時的申請流程、審核機制與時間表，也未提供任何自行購買額外雲端空間的管道或相關費用說明，缺乏對於儲存需求突增的應變措施與替代方案。；建議：建議在政策文件中加入「儲存空間擴充申請流程」說明，明確列出申請表單、審核單位、批准時限與可能的配額上限；同時提供「自行購買額外空間」的合規指引，包括可使用的雲端服務供應商、費用報銷流程與安全性要求；另外，可設置定期儲存使用量報表與警示機制，協助使用者提前規劃容量需求，並在政策中加入常見問題與聯絡窗口，以提升使用者的可操作性與服務透明度。,補充缺失內容
AS-ITS.csv,91,999,80,缺少內容：未說明未來若開放Extension功能時，應採取的審核流程、權限管理機制以及安全評估標準；建議：建立完整的Extension審核與管控機制，制定安全評估與風險管理規範，並在相關說明文件中加入申請、審核、使用與撤銷流程，同時提供使用者培訓與操作指引，以確保資安風險可控。,補充缺失內容
AS-ITS.csv,92,1000,30,缺少內容：未列出 Google Workspace Education Plus 具體包含的應用與功能細項，例如 Google Meet、Google Chat、Google Classroom、Jamboard、Google Vault 等，以及各功能的使用限制與授權說明。；建議：在說明中加入完整的功能清單或提供官方 Workspace 版本比較頁面的直接連結，並說明每項功能在本院環境中的使用方式與相關政策，以便使用者快速了解與查詢。,補充缺失內容
AS-ITS.csv,93,1001,20,缺少內容：目前的說明缺乏具體的操作步驟與流程說明，例如如何在 GWS 中設定寄件地址為 @sinica.edu.tw 或 @gate.sinica.edu.tw、如何完成 FIDO 驗證的綁定程序、離職或退休人員帳號停用的處理流程、以及在使用 Gmail 時若遇到郵件收發問題的故障排除指引。建議：在原有說明中加入詳細的設定教學（含圖示或影片），說明 FIDO 驗證的註冊與管理方式，提供離職/退休帳號停用的標準作業流程，並增列常見問題與解決方案的 FAQ，確保所有使用者能順利完成設定與使用。,補充缺失內容
AS-ITS.csv,94,1002,15,缺少內容：未提供 Outlook 中調整內嵌 IE 瀏覽器設定的具體操作步驟、相關截圖說明，以及聯繫資訊人員的聯絡方式或支援窗口資訊。建議：在說明文件中加入逐步設定指引（如開啟「檔案」→「選項」→「進階」→「使用 Internet Explorer 作為外掛瀏覽器」的設定說明），配合實際操作截圖；同時提供資訊人員的電話、電子郵件或服務單號提交方式，方便使用者快速取得協助。,補充缺失內容
AS-ITS.csv,95,1003,0,缺少內容：未提供差異說明,補充缺失內容
AS-ITS.csv,96,1004,15,缺少內容：說明 Outlook 的 POP3 模式不支援 Google 所要求的 OAuth 驗證機制，導致本院 Gmail 帳號無法完成驗證；建議：改用支援 OAuth 的 IMAP 設定或使用支援 OAuth 的郵件客戶端（如 Thunderbird），並提供相應的設定步驟與說明文件，以確保順利收發信件。,補充缺失內容
AS-ITS.csv,97,1005,0,缺少內容：未提供差異說明,補充缺失內容
AS-ITS.csv,98,1006,0,缺少內容：未提供差異說明,補充缺失內容
AS-ITS.csv,99,1007,0,缺少內容：未提供 Gmail App 手勢設定的具體操作步驟說明（如在設定畫面中如何選擇「滑動封存」以外的動作），缺乏 iOS 與 Android 版面截圖或圖示說明，亦未說明設定完成後如何驗證或若需恢復預設設定的流程。；建議：補充詳細的設定步驟說明，分別列出 Android 與 iOS 的操作流程並附上相應畫面截圖，說明如何確認設定已生效，並提供恢復預設設定的指引，同時加入常見問題與解決方式，以提升使用者操作的完整性與便利性。,補充缺失內容
AS-ITS.csv,100,1008,0,"缺少內容：目前的說明未提供在行動版 Gmail 中具體操作「移至收件匣」的步驟，也未說明若使用搜尋功能找不到封存郵件時的可能原因與解決方式，此外缺乏對於不同使用者角色（如圖書館員、訪客）在封存與恢復郵件時的權限限制說明。
建議：補充行動版 Gmail 的操作流程圖或文字說明，包含點選郵件、開啟選單、選擇「移至收件匣」的具體步驟；加入搜尋封存郵件失敗的常見問題與排除方法；針對不同使用者類別說明其在 GWS 中對 Gmail 封存功能的存取權限與限制，確保所有同仁皆能正確使用與恢復封存郵件。",補充缺失內容
AS-ITS.csv,101,1009,0,缺少內容：未提供差異說明,補充缺失內容
AS-ITS.csv,102,1010,10,"缺少內容：未提供在 Gmail 設定中新增與驗證 @gate 或 @sinica 網域帳號的具體操作步驟、相關畫面說明，以及如何確認該帳號已正確顯示於寄件者清單中；也未說明若已設定別名仍無法顯示於收件匣時的排除故障方法。
建議：補充完整的設定流程說明，包括點選「設定」→「帳戶與匯入」→「以這個地址寄信」的每一步操作、驗證郵件的收取與點擊驗證連結的細節；提供操作截圖或影片連結；說明如何在寄件者清單中檢查與管理已新增的地址；並加入常見問題與故障排除指引，以協助使用者確保自寄郵件能正確顯示於收件匣。",補充缺失內容
AS-ITS.csv,103,1011,0,缺少內容：原說明未提供在 Gmail 中設定篩選器與標籤的具體操作步驟、相關畫面示意圖，以及如何在「寄件備份」或「所有郵件」中快速定位寄給自己的郵件的指引。建議：補充完整的設定流程說明，包括進入 Gmail 設定 → 篩選器與封鎖的地址 → 建立新篩選器 → 設定條件（如寄件者為自己或群組） → 選取「套用標籤」並建立相應標籤，並提供操作截圖或影片連結；同時說明「所有郵件」與「寄件備份」的定位方式，讓使用者能快速找到相關郵件。,補充缺失內容
AS-ITS.csv,104,1012,0,"缺少內容：目前的說明中未具體列出 Gmail 的寄送上限數值（如每日收件人上限、每封郵件最大收件人數、附件大小限制等），也缺乏操作郵件合併功能的步驟說明、範例或相關教學連結，導致使用者在實務操作時可能不清楚如何分批寄送或避免觸發反濫用機制。；建議：在文件中加入 Gmail 具體的寄送限制數據（例如每日 2,000 位收件人、單封郵件最多 100 位收件人等），提供使用 Google Workspace 的郵件合併（Mail Merge）功能的操作流程與範例（可連結至官方教學或內部教學影片），並說明如何設定批次寄送的最佳收件人數量與間隔時間，同時提供聯絡資訊以便使用者在遇到退信問題時取得支援。",補充缺失內容
AS-ITS.csv,105,1013,70,缺少內容：未說明具體的遷移時間表、操作步驟、資料備份方式、使用者培訓資源、常見問題與聯絡窗口等細節，導致使用者無法清楚了解如何從 Mail2000 轉移至 Gmail。；建議：提供完整的遷移計畫說明，包括明確的時間表、逐步操作指引、資料備份與還原流程、使用者培訓與說明會資訊，以及常見問題解答與支援聯絡方式，確保各單位順利完成轉移且不受服務下架影響。,補充缺失內容
AS-ITS.csv,106,1014,0,缺少內容：缺乏具體的搬遷時間表、操作步驟說明、相關人員聯絡方式以及搬遷後的驗證與支援流程。建議：在說明文件中加入詳細的遷移計畫表，列出各階段的開始與結束日期，提供操作手冊與常見問題解答，明確指定負責單位與聯絡窗口，並說明搬遷完成後的測試驗證方式與後續支援渠道。,補充缺失內容
AS-ITS.csv,107,1015,40,缺少內容：說明中未提供授權失敗後的後續處理步驟與支援管道，缺少針對不同使用者角色（全院同仁、院本部同仁、各所資訊室同仁、圖書館員、訪客）的具體操作指引，也未列出常見錯誤代碼或畫面示例，未說明若重新授權仍失敗時的聯絡資訊與檢查清單。；建議：在說明中加入以下內容：① 失敗後的聯絡窗口（如資訊室電話、電子郵件或服務單系統），② 詳細的檢查清單（確認已登入正確的 GWS 帳號、FIDO 驗證是否已綁定、瀏覽器相容性、帳號是否已被停用或離職），③ 針對不同使用者角色的具體操作步驟，④ 常見錯誤代碼與畫面示例說明，⑤ 若仍無法解決，提供升級支援的流程與預估處理時間，確保使用者能快速定位問題並獲得協助。,補充缺失內容
AS-ITS.csv,108,1016,0,缺少內容：目前的說明未提供關於「中央研究院資訊服務處新舊郵件轉換完成通知」的取得方式、通知的預計發送時間、以及若未收到通知時的應變措施等具體資訊，亦未說明若誤操作導致舊信重新搬入的處理流程與聯絡窗口。；建議：在原有說明中加入以下內容：1. 明確說明通知的發送渠道（如電子郵件、系統訊息或公告）及預計發送時間範圍；2. 提供未收到通知時的查詢方式與聯絡窗口（電話、郵箱或服務平台）；3. 列出若發生舊信重新搬入的緊急處理步驟與恢復流程；4. 在相關文件或手冊中加入此警示訊息的顯著提示，以確保使用者在搬遷完成前不會提前整理信件。,補充缺失內容
AS-ITS.csv,109,1017,0,缺少內容：目前的說明未提供關於信件搬遷流程的具體操作步驟、搬遷完成的確認方式（如如何檢查搬遷完成通知或在 Gmail 中驗證搬遷狀態），亦未說明若搬遷過程中發生錯誤或需要中止搬遷時的聯絡窗口與處理流程。建議：在文件中加入搬遷前的準備清單、搬遷中應注意的操作時機、搬遷完成的驗證步驟以及常見問題的處理方式；同時提供支援聯絡資訊（如服務台電話或郵件）與緊急應變流程，確保使用者在搬遷期間能夠正確操作且遇到問題時能即時取得協助。,補充缺失內容
AS-ITS.csv,110,1018,0,缺少內容：說明中未提及搬遷作業的具體時間範圍、可能的影響範圍以及失敗或中斷時的處理機制；也缺少使用者在搬遷完成後如何驗證資料完整性、以及搬遷完成後的後續設定或清理步驟的說明。；建議：1. 在服務說明中加入搬遷作業的預估時長、可能的系統負載影響以及最佳執行時間窗口。2. 說明若搬遷過程中斷或失敗，系統將如何自動重試或提供手動恢復指引。3. 提供搬遷完成後的驗證步驟，例如檢查郵件、雲端硬碟檔案是否完整，並說明如有遺失應如何申請支援。4. 在使用者關閉轉換頁面後，提醒使用者可於特定查詢介面或通知中心查看搬遷狀態與結果。5. 補充相關的 FAQ，針對常見的搬遷疑問（如搬遷期間是否可正常收發郵件、檔案權限是否會變更等）提供明確答案。,補充缺失內容
AS-ITS.csv,111,1019,15,缺少內容：目前的說明未提供 Mail2000 信件搬遷至 GWS Gmail 的具體操作步驟，例如如何匯出舊信箱資料、匯入 Gmail、以及在 Gmail 中建立與原資料夾對應的標籤編號方式；也未說明搬遷後若發現標籤排序不符時的調整流程，亦缺乏相關問題排除指引與聯絡窗口資訊。；建議：補充完整的搬遷流程說明，包括匯出 Mail2000 郵件的工具與步驟、匯入 Gmail 的操作方式、標籤命名與編號規則範例（如「01_重要」），以及搬遷後檢查與調整標籤順序的具體方法；同時提供常見問題與解決方案（FAQ）以及技術支援聯絡方式，確保使用者能順利完成信件遷移並維持原有資料夾排序。,補充缺失內容
AS-ITS.csv,112,1020,0,缺少內容：未提供差異說明,補充缺失內容
AS-ITS.csv,113,1021,0,缺少內容：說明中未提及在 Mail2000 進行郵件搬遷時，若同一封郵件在不同資料夾出現，系統如何辨識 UID、UID 的來源與格式，以及若 UID 不同但內容相同的郵件（例如轉寄或副本）是否會被視為重複而被過濾。此外，缺少對於搬遷過程中可能產生的例外情況（如 UID 缺失、資料夾權限衝突、搬遷失敗重試機制）以及相關的操作指引與聯絡窗口。；建議：1. 在說明中加入 UID 的產生機制與檢查方式，並說明若 UID 不同但郵件內容相同的處理原則。2. 補充搬遷流程的詳細步驟，包括前置檢查、錯誤處理與重試機制。3. 提供常見例外情況的解決方案，例如 UID 缺失或資料夾權限不足時的處理方式。4. 在文件中加入聯絡窗口或支援管道，方便使用者在搬遷過程中遇到問題時取得協助。5. 若涉及機密或敏感資料的郵件，說明是否需要額外的加密或手動處理，以符合服務限制的規範。,補充缺失內容
AS-ITS.csv,114,1022,0,缺少內容：文件中未說明 Gmail 與 Mail2000 在郵件大小計算方式上的差異，亦未提供在搬遷過程中若遇到 Gmail 判定超過 25 MB 限制時的處理步驟或注意事項，例如如何分割大型附件、使用雲端硬碟分享或壓縮檔案等資訊。；建議：在說明文件中加入 Gmail 與 Mail2000 計算郵件大小的具體差異說明，並提供針對超過 25 MB 限制的解決方案，如使用 Google Drive 連結分享、壓縮附件或分批傳送的操作指引，同時列出相關的檢查與驗證步驟，以協助使用者順利完成郵件搬遷。,補充缺失內容
AS-ITS.csv,115,1023,0,缺少內容：未說明會議錄製、轉錄稿及會議記錄的保存期限、存取權限與合規性要求；缺乏 Google Meet 各項功能（如直播、分組討論室、投票、問答）啟用與停用的操作步驟；未提供常見問題、支援聯絡方式或相關資源的連結。；建議：在說明文件中加入錄製檔案與轉錄稿的保存政策與存取控制說明，提供逐步操作指南說明如何使用直播、分組討論室、投票、問答等功能，並列出 FAQ、支援窗口與相關資源的連結，以提升使用者的操作便利性與合規管理。,補充缺失內容
AS-ITS.csv,116,1024,10,缺少內容：未提供差異說明,補充缺失內容
AS-ITS.csv,117,1025,5,缺少內容：未提供差異說明,補充缺失內容
AS-ITS.csv,118,1026,0,缺少內容：目前的說明中未提及 NotebookLM Plus 的功能差異、使用限制、升級方式以及相關費用等資訊，亦未說明為何僅提供標準版以及未提供 Plus 版的具體原因。；建議：在服務說明中加入 NotebookLM Plus 的功能列表、升級條件與流程、可能的收費標準，以及若未來計畫提供 Plus 版的時間表或條件，讓使用者能清楚了解兩者差異與選擇依據。,補充缺失內容
AS-ITS.csv,119,1027,5,缺少內容：文件未說明在使用公司或學校帳戶的 Gemini 應用時，使用者若想提前刪除對話與活動紀錄的具體操作步驟，也未提供相關的管理介面或權限設定說明；建議：在說明文件中加入「手動刪除對話」的操作指引，說明是否需要透過管理員介面或特定權限才能刪除，並明確列出保留期限（3 個月）後自動移除的機制與例外情況，以便使用者了解與遵循。,補充缺失內容
AS-ITS.csv,120,1028,15,缺少內容：未提供差異說明,補充缺失內容
AS-ITS.csv,121,1029,20,缺少內容：未提供差異說明,補充缺失內容
AS-ITS.csv,122,1030,15,缺少內容：文件中未說明教育免費版不含 Gemini 進階協作功能的具體影響，以及未提供未來授權升級或政策調整的詳細流程與聯絡資訊。；建議：在服務說明或相關公告中加入 Gemini 功能的說明，明確列出目前免費版的限制，並提供升級授權的申請步驟、時間表與聯絡窗口，以便使用者了解後續可能的功能開放與操作方式。,補充缺失內容
AS-ITS.csv,123,1031,100,完全涵蓋，無缺失,無
AS-ITS.csv,124,1035,93,缺少內容：說明中未提供退休前如何具體備份 Google Workspace（GWS）郵件與相關資料的操作步驟，例如使用 Google Takeout 或其他備份工具的詳細流程。；建議：在文件中加入完整的備份指引，說明如何透過 Google Takeout 匯出 Gmail、Google Drive、Google Sites 等資料，列出每一步的操作說明與注意事項，並提供相關連結或範例下載，以協助使用者順利完成資料備份。,補充缺失內容
AS-ITS.csv,125,1040,90,缺少內容：未提供資訊服務處的聯絡電話與電子郵件、未說明首次登入後密碼變更的具體規範（如密碼長度、複雜度要求）以及各項作業的最終截止日期。；建議：在說明中加入服務窗口的電話與郵箱、列出密碼變更的詳細要求與步驟、明確標示帳號啟用、郵件轉移與續用確認等重要環節的最後期限，並提供常見問題（FAQ）或操作教學的連結，以便使用者快速完成所有必要設定。,補充缺失內容
AS-ITS.csv,126,1045,0,缺少內容：缺乏對違規行為的具體處罰規範、執行機制說明以及相關負責單位的聯絡資訊與檢查表範本。; 建議：在注意事項中加入違規處罰條款（如罰款金額、紀律處分程序）、明確說明年度軟體清查的執行流程與負責部門、提供檢查表或報告範本，並列出資訊服務處或相關窗口的聯絡方式，以便單位依規執行與諮詢。,補充缺失內容
AS-ITS.csv,127,1076,20,缺少內容：文件中未提供資通安全通識教育訓練課程的具體課程代碼、課程名稱以及每門課程所對應的認證時數，導致使用者無法快速確認所選課程是否符合規定的時數要求。；建議：在說明中加入每門資安通識課程的代碼、完整名稱與對應的認證時數，並提供一個簡易對照表或連結至課程清單，使同仁能明確核對並選擇符合「每年三小時以上」或「每二年三小時以上」要求的課程。,補充缺失內容
AS-ITS.csv,128,1083,100,完全涵蓋，無缺失,無
AS-ITS.csv,129,1086,100,完全涵蓋，無缺失,無
AS-ITS.csv,130,1098,60,"缺少內容：說明中未提及服務的使用限制與授權範圍、缺乏常見問題範例、未說明資料保留與刪除的具體政策、未列出支援語言的完整清單、也未提供明確的聯絡窗口與回饋管道。
建議：在說明文件中加入使用限制與授權說明、提供幾個常見問題與答案作為範例、明確說明資料保留期限、刪除機制與使用者自行備份的步驟、列出所有支援的語言與語系代碼、並加入聯絡方式（如服務台電話、電子郵件）與回饋表單的連結，以提升使用者的理解與使用體驗。",補充缺失內容
AS-ITS.csv,131,1107,100,完全涵蓋，無缺失,無
AS-ITS.csv,132,1119,100,完全涵蓋，無缺失,無
AS-ITS.csv,133,1135,0,URL 為空,補上有效 URL
AS-ITS.csv,134,1137,45,"缺少內容：目前的說明未提供完整的使用流程細節，例如院外使用者在完成 FIDO 身分驗證後，如何在各圖書館的介面上選取並連結目標電子資源的具體步驟；同時也缺少對 ALUM 帳號使用者的操作指引，未說明其名單彙整、設定流程的時間表與所需提交的資訊；此外，未列出常見錯誤代碼與對應的解決方案，亦未提供聯絡窗口的電話或即時通訊方式，導致使用者在遇到問題時可能無法快速取得協助。
建議：在說明中加入逐步操作指南，包含圖示說明 FIDO 驗證後的連線流程；針對 ALUM 帳號使用者提供詳細的申請與設定步驟與預計完成時間；增設 FAQ 區塊，列出常見錯誤訊息、代碼及排除方法；提供完整的聯絡資訊（電話、電子郵件、即時通訊帳號），並在頁面顯眼位置放置支援連結，以提升使用者的便利性與問題解決效率。",補充缺失內容
AS-art.csv,1,2,0,URL 在略過清單,確認是否需排除或移除略過清單
AS-art.csv,2,4,35,缺少內容：缺乏具體的活動時間、報名方式、參與對象及過往活動的詳細說明；建議：在官網的「院區開放」頁面加入每項活動的開始與結束時間、報名連結、適合年齡或對象說明，並提供過往活動的照片、影片或文字回顧，以提升民眾參與意願與資訊透明度。,補充缺失內容
AS-art.csv,3,8,0,URL 在略過清單,確認是否需排除或移除略過清單
AS-art.csv,4,12,0,缺少內容：目前的說明中未提供「研之有物」平台的具體聯絡方式、最新的社群媒體追蹤數據（如最新的粉絲人數、互動率）以及即將於113年推出的數理組系列書籍的具體出版時間與內容概述。建議：在未來的介紹或公告中加入完整的聯絡資訊（如官方網站、電子郵件、電話），更新並列出最新的社群平台數據，並提供即將出版的數理組書籍的簡介、出版日期與預計主題，以便讀者更清楚掌握平台動態與參與方式。,補充缺失內容
AS-art.csv,5,16,0,URL 在略過清單,確認是否需排除或移除略過清單
AS-art.csv,6,18,0,URL 為空,補上有效 URL
AS-as.csv,1,2,0,URL 無效,修正為有效網址
AS-as.csv,2,35,100,完全涵蓋，無缺失,無
AS-as.csv,3,42,100,完全涵蓋，無缺失,無
AS-as.csv,4,123,100,完全涵蓋，無缺失,無
AS-as.csv,5,125,100,完全涵蓋，無缺失,無
AS-as.csv,6,127,100,完全涵蓋，無缺失,無
AS-as.csv,7,131,0,HTTP 403 (authentication required),確認網址可存取或調整爬取方式
AS-dgbas.csv,1,2,100,完全涵蓋，無缺失,無
AS-dgbas.csv,2,3,100,完全涵蓋，無缺失,無
AS-dgbas.csv,3,9,100,完全涵蓋，無缺失,無
AS-dgbas.csv,4,10,85,缺少內容：政策未明確說明在使用信用卡或其他電子支付方式支付零用費、禮品交際及雜費時，原始單據的保存期限、電子憑證的接受標準，以及在無法取得原始紙本單據時的替代證明方式。；建議：於要點中加入關於電子憑證的保存與驗證規範，明確規定電子發票、信用卡月結單或銀行對帳單可作為有效憑證，並說明其審核流程與保存期限；同時提供缺少原始單據時可接受的替代證明文件範例，以確保報支程序的完整性與可稽核性。,補充缺失內容
AS-dgbas.csv,5,19,100,完全涵蓋，無缺失,無
AS-dgbas.csv,6,31,100,完全涵蓋，無缺失,無
AS-dgbas.csv,7,37,100,完全涵蓋，無缺失,無
AS-dgbas.csv,8,39,100,完全涵蓋，無缺失,無
AS-dgbas.csv,9,46,100,完全涵蓋，無缺失,無
AS-dgbas.csv,10,61,100,完全涵蓋，無缺失,無
AS-dgbas.csv,11,66,100,完全涵蓋，無缺失,無
AS-dgbas.csv,12,70,100,完全涵蓋，無缺失,無
AS-dgbas.csv,13,71,100,完全涵蓋，無缺失,無
AS-dgbas.csv,14,73,100,完全涵蓋，無缺失,無
AS-dgbas.csv,15,74,100,完全涵蓋，無缺失,無
AS-dgbas.csv,16,77,40,缺少內容：在條文中未說明新版第十六點所列禮品交際及雜費金額上調的依據與適用範圍，亦缺乏對「每人每日新臺幣一千一百元」加計金額之計算方式、核准流程及與舊版金額差異的說明。；建議：於條文中補充說明金額調整的法規依據（如修正日期、主管機關公告），並明確列出加計金額的計算公式、核准程序及適用條件，同時在條文末註明舊版與新版金額的對照表，以避免執行時產生疑義。,補充缺失內容
AS-dgbas.csv,17,90,95,缺少內容：原文未說明非司處長級以上出差人員在每日新臺幣一千一百元總額度內，各項禮品交際及雜費的具體分類與上限，亦未提供租車費較大眾陸運工具票價節省之證明文件的格式範例或審核流程。；建議：補充說明每日新臺幣一千一百元內各項費用的可列支項目及其上限金額，並加入租車費節省證明的範本（如票價比較表）及審核程序，以便出差人員依規定正確備齊文件。,補充缺失內容
AS-dgbas.csv,18,95,100,完全涵蓋，無缺失,無
AS-dgbas.csv,19,98,70,缺少內容：目前的要點未說明出差旅費報告表（附表）的具體格式與必填欄位，亦未提供電子化提交的作業流程與系統規範，導致各機關在實務操作時可能出現表格不一致或資料遺漏的情況。；建議：在要點中加入《出差旅費報告表》範本，明確列出必填項目（如出差日期、地點、交通工具、費用明細、匯率依據等），並說明可接受的電子檔案格式（PDF、Excel），同時制定統一的線上提交平台與審核時程，確保報支資料完整、統一且易於追蹤。,補充缺失內容
AS-dgbas.csv,20,107,100,完全涵蓋，無缺失,無
AS-dgbas.csv,21,108,100,完全涵蓋，無缺失,無
AS-dgbas.csv,22,109,100,完全涵蓋，無缺失,無
AS-dgbas.csv,23,110,100,完全涵蓋，無缺失,無
AS-dgbas.csv,24,112,20,缺少內容：本文未提供第十點的具體修正條文內容，也未說明第十九點附表中新增或變更的欄位細節，導致讀者無法完整了解修正要點的全部規定。；建議：請在文件中補充第十點的完整條文說明，並在第十九點的附表說明中列出所有新增或調整的欄位（如飛機班次、座艙等級、是否有頭等艙、航程是否超過4小時等），同時提供範例填寫方式，以確保核銷時的操作一致性。,補充缺失內容
AS-dgbas.csv,25,123,0,HTTP 403 (authentication required),確認網址可存取或調整爬取方式
AS-dgbas.csv,26,138,0,HTTP 403 (authentication required),確認網址可存取或調整爬取方式
AS-dgbas.csv,27,146,0,HTTP 403 (authentication required),確認網址可存取或調整爬取方式
AS-dgbas.csv,28,155,0,HTTP 403 (authentication required),確認網址可存取或調整爬取方式
AS-dgbas.csv,29,167,0,HTTP 403 (authentication required),確認網址可存取或調整爬取方式
AS-dgbas.csv,30,192,0,HTTP 403 (authentication required),確認網址可存取或調整爬取方式
AS-dgbas.csv,31,244,0,HTTP 403 (authentication required),確認網址可存取或調整爬取方式
AS-dgbas.csv,32,275,0,HTTP 403 (authentication required),確認網址可存取或調整爬取方式
AS-dgbas.csv,33,287,0,HTTP 403 (authentication required),確認網址可存取或調整爬取方式
AS-dgbas.csv,34,320,0,HTTP 403 (authentication required),確認網址可存取或調整爬取方式
AS-dgbas.csv,35,325,0,HTTP 403 (authentication required),確認網址可存取或調整爬取方式
AS-dgbas.csv,36,343,0,HTTP 403 (authentication required),確認網址可存取或調整爬取方式
AS-dgbas.csv,37,349,0,HTTP 403 (authentication required),確認網址可存取或調整爬取方式
AS-dgbas.csv,38,379,0,HTTP 403 (authentication required),確認網址可存取或調整爬取方式
AS-dgbas.csv,39,393,0,HTTP 403 (authentication required),確認網址可存取或調整爬取方式
AS-dgbas.csv,40,397,0,HTTP 403 (authentication required),確認網址可存取或調整爬取方式
AS-dgbas.csv,41,424,0,HTTP 403 (authentication required),確認網址可存取或調整爬取方式
AS-dgbas.csv,42,437,0,HTTP 403 (authentication required),確認網址可存取或調整爬取方式
AS-dgbas.csv,43,449,0,HTTP 403 (authentication required),確認網址可存取或調整爬取方式
AS-dgbas.csv,44,474,0,缺少內容：對於田野調查、蒐集資料、訪問、實驗等出國活動的性質界定缺乏明確說明，未明確區分其屬於「研究」或「其他公務」之分類，亦未提供相應的報支標準與審核流程。；建議：應釐清並制定具體的分類標準，將上述活動明確歸類為「研究」或「其他公務」，並在《國外出差旅費報支要點》或相關補助項目表中列示相應的報支規範；同時更新系統備註欄位的「活動性質」說明，避免過於寬泛的定義，確保審核與預算編列的透明與一致性。,補充缺失內容
AS-dgbas.csv,45,478,15,"缺少內容：原文未說明跨城市長途內陸交通費的具體金額上限、不同職等人員可搭乘之座位等級的明確金額標準，以及租車費用的審核流程與所需附件（如租車合約、行程表、費用比較表）等細節。缺少對於「經核准租車」的具體審批層級、租車公司選擇原則及租車期間限制的說明，也未列出報支時需提交的憑證清單與檢核要點。
建議：在規定中加入以下補充說明：① 列出長途大眾陸運工具各職等可乘坐之座位等級及其對應的最高補助金額；② 明確規定租車費用的上限（如每日上限或總額上限），並說明租車需經由哪一層級主管核准（如處長以上簽核）以及需提交的租車合約、行程表與費用比較報告；③ 提供報支時必備的憑證清單（票根、租車發票、行程證明、主管核准函等），並說明檢核程序；④ 如有特殊情形（如緊急任務、無適當大眾運輸）可申請例外，需說明例外審批流程與所需文件。這些補充可提升規範的可操作性，避免報支時因資訊不足而產生爭議。",補充缺失內容
AS-dgbas.csv,46,488,85,缺少內容：未提供差異說明,補充缺失內容
AS-dgbas.csv,47,490,15,缺少內容：未提供「代表政府出席國際會議」的具體定義，僅引用行政院主計處的說明，缺乏對何種會議屬於政府代表出席的明確範疇說明，例如未說明是否包括雙邊會談、國際組織會議或多邊峰會等，也未說明受邀單位的判斷標準。；建議：補充完整的定義說明，列舉適用的會議類型（如WHO、APEC、聯合國大會等），說明受邀單位必須為本國政府或其正式機構，並區分個人學術會議與政府官方會議的適用範圍，同時提供相關法規條文或官方文件的引用以作為依據。,補充缺失內容
AS-dgbas.csv,48,493,15,缺少內容：未提供申請出國時所需附帶的會議議程或邀請函的具體範本、格式說明及必備欄位，導致申請人不清楚應提交何種文件以及文件內容的完整性要求。；建議：在相關作業說明中加入會議議程或邀請函的範例文件，明確列出必填項目（如會議名稱、時間、地點、主辦單位、參與人員、議程安排等），並說明文件的格式（PDF、紙本或電子檔）及提交方式，以便申請人依照指引完整準備附件，提升審核效率。,補充缺失內容
AS-dgbas.csv,49,498,15,缺少內容：未說明申請統籌款或預算調控餘額的具體流程與所需附件；建議：在說明中加入申請步驟、所需表單範本、審核時限及聯絡窗口，以利各單位依規定順利辦理。,補充缺失內容
AS-dgbas.csv,50,502,0,缺少內容：文件未說明「非都會區」與「都會區」的具體劃分標準，也未提供實際出差城市與住宿城市的判定範例，缺乏對例外情形（如同時涉及多個城市或跨區域出差）的處理流程說明，且未列出「其他」類別所適用的日支金額明細，導致執行人員在實務操作時可能產生疑慮。；建議：在文件中加入「非都會區」與「都會區」的定義說明，提供常見城市的分類表或查詢方式；增設判定範例說明實際出差城市與住宿城市的區別；針對跨城市或跨區域出差情形，明確規範應依哪一城市的標準報支；補充「其他」類別的日支金額表，或提供查詢鏈接；最後，可附上流程圖或操作手冊，協助審核人員正確執行報支作業。,補充缺失內容
AS-dgbas.csv,51,507,0,URL 為空,補上有效 URL
AS-dgbas.csv,52,509,0,URL 為空,補上有效 URL
AS-dgbas.csv,53,530,0,URL 為空,補上有效 URL
AS-dgbas.csv,54,562,0,URL 為空,補上有效 URL
AS-dgbas.csv,55,569,0,URL 為空,補上有效 URL
AS-dgbas.csv,56,582,0,URL 為空,補上有效 URL
AS-dgbas.csv,57,596,0,URL 為空,補上有效 URL
AS-dgbas.csv,58,600,0,URL 為空,補上有效 URL
AS-dgbas.csv,59,607,0,URL 為空,補上有效 URL
AS-dgbas.csv,60,612,0,URL 為空,補上有效 URL
AS-dgbas.csv,61,661,0,URL 為空,補上有效 URL
AS-dgbas.csv,62,676,0,[SSL: CERTIFICATE_VERIFY_FAILED] certificate verify failed: unable to get local issuer certificate (_ssl.c:1000),確認網址可存取或調整爬取方式
AS-dgbas.csv,63,744,0,[SSL: CERTIFICATE_VERIFY_FAILED] certificate verify failed: unable to get local issuer certificate (_ssl.c:1000),確認網址可存取或調整爬取方式
AS-dgbas.csv,64,820,0,[SSL: CERTIFICATE_VERIFY_FAILED] certificate verify failed: unable to get local issuer certificate (_ssl.c:1000),確認網址可存取或調整爬取方式
AS-dgbas.csv,65,1310,0,[SSL: CERTIFICATE_VERIFY_FAILED] certificate verify failed: unable to get local issuer certificate (_ssl.c:1000),確認網址可存取或調整爬取方式
AS-dgbas.csv,66,1329,0,[SSL: CERTIFICATE_VERIFY_FAILED] certificate verify failed: unable to get local issuer certificate (_ssl.c:1000),確認網址可存取或調整爬取方式
AS-dgbas.csv,67,1410,0,[SSL: CERTIFICATE_VERIFY_FAILED] certificate verify failed: unable to get local issuer certificate (_ssl.c:1000),確認網址可存取或調整爬取方式
AS-dgbas.csv,68,1424,0,[SSL: CERTIFICATE_VERIFY_FAILED] certificate verify failed: unable to get local issuer certificate (_ssl.c:1000),確認網址可存取或調整爬取方式
AS-dgbas.csv,69,1441,0,[SSL: CERTIFICATE_VERIFY_FAILED] certificate verify failed: unable to get local issuer certificate (_ssl.c:1000),確認網址可存取或調整爬取方式
AS-dgbas.csv,70,1452,0,[SSL: CERTIFICATE_VERIFY_FAILED] certificate verify failed: unable to get local issuer certificate (_ssl.c:1000),確認網址可存取或調整爬取方式
AS-dgbas.csv,71,1470,0,[SSL: CERTIFICATE_VERIFY_FAILED] certificate verify failed: unable to get local issuer certificate (_ssl.c:1000),確認網址可存取或調整爬取方式
AS-dgbas.csv,72,1474,0,[SSL: CERTIFICATE_VERIFY_FAILED] certificate verify failed: unable to get local issuer certificate (_ssl.c:1000),確認網址可存取或調整爬取方式
AS-dgbas.csv,73,1486,0,[SSL: CERTIFICATE_VERIFY_FAILED] certificate verify failed: unable to get local issuer certificate (_ssl.c:1000),確認網址可存取或調整爬取方式
AS-dgbas.csv,74,1504,0,[SSL: CERTIFICATE_VERIFY_FAILED] certificate verify failed: unable to get local issuer certificate (_ssl.c:1000),確認網址可存取或調整爬取方式
AS-dgbas.csv,75,1522,0,[SSL: CERTIFICATE_VERIFY_FAILED] certificate verify failed: unable to get local issuer certificate (_ssl.c:1000),確認網址可存取或調整爬取方式
AS-dgbas.csv,76,1547,0,[SSL: CERTIFICATE_VERIFY_FAILED] certificate verify failed: unable to get local issuer certificate (_ssl.c:1000),確認網址可存取或調整爬取方式
AS-dgbas.csv,77,1571,0,[SSL: CERTIFICATE_VERIFY_FAILED] certificate verify failed: unable to get local issuer certificate (_ssl.c:1000),確認網址可存取或調整爬取方式
AS-dgbas.csv,78,1599,0,[SSL: CERTIFICATE_VERIFY_FAILED] certificate verify failed: unable to get local issuer certificate (_ssl.c:1000),確認網址可存取或調整爬取方式
AS-dgbas.csv,79,1631,0,[SSL: CERTIFICATE_VERIFY_FAILED] certificate verify failed: unable to get local issuer certificate (_ssl.c:1000),確認網址可存取或調整爬取方式
AS-dgbas.csv,80,1663,0,[SSL: CERTIFICATE_VERIFY_FAILED] certificate verify failed: unable to get local issuer certificate (_ssl.c:1000),確認網址可存取或調整爬取方式
AS-dgbas.csv,81,1671,0,[SSL: CERTIFICATE_VERIFY_FAILED] certificate verify failed: unable to get local issuer certificate (_ssl.c:1000),確認網址可存取或調整爬取方式
AS-dgbas.csv,82,1687,0,[SSL: CERTIFICATE_VERIFY_FAILED] certificate verify failed: unable to get local issuer certificate (_ssl.c:1000),確認網址可存取或調整爬取方式
AS-dgbas.csv,83,1696,0,[SSL: CERTIFICATE_VERIFY_FAILED] certificate verify failed: unable to get local issuer certificate (_ssl.c:1000),確認網址可存取或調整爬取方式
AS-dgbas.csv,84,1718,0,[SSL: CERTIFICATE_VERIFY_FAILED] certificate verify failed: unable to get local issuer certificate (_ssl.c:1000),確認網址可存取或調整爬取方式
AS-dgbas.csv,85,1783,0,[SSL: CERTIFICATE_VERIFY_FAILED] certificate verify failed: unable to get local issuer certificate (_ssl.c:1000),確認網址可存取或調整爬取方式
AS-dgbas.csv,86,1806,0,[SSL: CERTIFICATE_VERIFY_FAILED] certificate verify failed: unable to get local issuer certificate (_ssl.c:1000),確認網址可存取或調整爬取方式
AS-dgbas.csv,87,1822,0,[SSL: CERTIFICATE_VERIFY_FAILED] certificate verify failed: unable to get local issuer certificate (_ssl.c:1000),確認網址可存取或調整爬取方式
AS-dgbas.csv,88,1876,0,[SSL: CERTIFICATE_VERIFY_FAILED] certificate verify failed: unable to get local issuer certificate (_ssl.c:1000),確認網址可存取或調整爬取方式
AS-dgbas.csv,89,1899,0,[SSL: CERTIFICATE_VERIFY_FAILED] certificate verify failed: unable to get local issuer certificate (_ssl.c:1000),確認網址可存取或調整爬取方式
AS-dgbas.csv,90,1965,100,完全涵蓋，無缺失,無
AS-dgbas.csv,91,1975,0,[SSL: CERTIFICATE_VERIFY_FAILED] certificate verify failed: unable to get local issuer certificate (_ssl.c:1000),確認網址可存取或調整爬取方式
AS-dgbas.csv,92,1978,0,[SSL: CERTIFICATE_VERIFY_FAILED] certificate verify failed: unable to get local issuer certificate (_ssl.c:1000),確認網址可存取或調整爬取方式
AS-dgbas.csv,93,1980,0,[SSL: CERTIFICATE_VERIFY_FAILED] certificate verify failed: unable to get local issuer certificate (_ssl.c:1000),確認網址可存取或調整爬取方式
AS-dgbas.csv,94,1984,0,[SSL: CERTIFICATE_VERIFY_FAILED] certificate verify failed: unable to get local issuer certificate (_ssl.c:1000),確認網址可存取或調整爬取方式
AS-dgbas.csv,95,1987,0,[SSL: CERTIFICATE_VERIFY_FAILED] certificate verify failed: unable to get local issuer certificate (_ssl.c:1000),確認網址可存取或調整爬取方式
AS-dgbas.csv,96,1989,0,[SSL: CERTIFICATE_VERIFY_FAILED] certificate verify failed: unable to get local issuer certificate (_ssl.c:1000),確認網址可存取或調整爬取方式
AS-dgbas.csv,97,1992,0,[SSL: CERTIFICATE_VERIFY_FAILED] certificate verify failed: unable to get local issuer certificate (_ssl.c:1000),確認網址可存取或調整爬取方式
AS-dgbas.csv,98,1998,0,[SSL: CERTIFICATE_VERIFY_FAILED] certificate verify failed: unable to get local issuer certificate (_ssl.c:1000),確認網址可存取或調整爬取方式
AS-dgbas.csv,99,2000,0,[SSL: CERTIFICATE_VERIFY_FAILED] certificate verify failed: unable to get local issuer certificate (_ssl.c:1000),確認網址可存取或調整爬取方式
AS-dgbas.csv,100,2002,0,[SSL: CERTIFICATE_VERIFY_FAILED] certificate verify failed: unable to get local issuer certificate (_ssl.c:1000),確認網址可存取或調整爬取方式
AS-dgbas.csv,101,2005,0,[SSL: CERTIFICATE_VERIFY_FAILED] certificate verify failed: unable to get local issuer certificate (_ssl.c:1000),確認網址可存取或調整爬取方式
AS-dgbas.csv,102,2007,0,[SSL: CERTIFICATE_VERIFY_FAILED] certificate verify failed: unable to get local issuer certificate (_ssl.c:1000),確認網址可存取或調整爬取方式
AS-dgbas.csv,103,2010,0,[SSL: CERTIFICATE_VERIFY_FAILED] certificate verify failed: unable to get local issuer certificate (_ssl.c:1000),確認網址可存取或調整爬取方式
AS-dgbas.csv,104,2013,0,[SSL: CERTIFICATE_VERIFY_FAILED] certificate verify failed: unable to get local issuer certificate (_ssl.c:1000),確認網址可存取或調整爬取方式
AS-dgbas.csv,105,2016,0,[SSL: CERTIFICATE_VERIFY_FAILED] certificate verify failed: unable to get local issuer certificate (_ssl.c:1000),確認網址可存取或調整爬取方式
AS-dgbas.csv,106,2020,0,[SSL: CERTIFICATE_VERIFY_FAILED] certificate verify failed: unable to get local issuer certificate (_ssl.c:1000),確認網址可存取或調整爬取方式
AS-dgbas.csv,107,2023,0,[SSL: CERTIFICATE_VERIFY_FAILED] certificate verify failed: unable to get local issuer certificate (_ssl.c:1000),確認網址可存取或調整爬取方式
AS-dgbas.csv,108,2026,0,[SSL: CERTIFICATE_VERIFY_FAILED] certificate verify failed: unable to get local issuer certificate (_ssl.c:1000),確認網址可存取或調整爬取方式
AS-dgbas.csv,109,2027,0,[SSL: CERTIFICATE_VERIFY_FAILED] certificate verify failed: unable to get local issuer certificate (_ssl.c:1000),確認網址可存取或調整爬取方式
AS-dgbas.csv,110,2030,0,[SSL: CERTIFICATE_VERIFY_FAILED] certificate verify failed: unable to get local issuer certificate (_ssl.c:1000),確認網址可存取或調整爬取方式
AS-dgbas.csv,111,2032,0,[SSL: CERTIFICATE_VERIFY_FAILED] certificate verify failed: unable to get local issuer certificate (_ssl.c:1000),確認網址可存取或調整爬取方式
AS-dgbas.csv,112,2034,0,[SSL: CERTIFICATE_VERIFY_FAILED] certificate verify failed: unable to get local issuer certificate (_ssl.c:1000),確認網址可存取或調整爬取方式
AS-dgbas.csv,113,2036,0,[SSL: CERTIFICATE_VERIFY_FAILED] certificate verify failed: unable to get local issuer certificate (_ssl.c:1000),確認網址可存取或調整爬取方式
AS-dgbas.csv,114,2038,0,[SSL: CERTIFICATE_VERIFY_FAILED] certificate verify failed: unable to get local issuer certificate (_ssl.c:1000),確認網址可存取或調整爬取方式
AS-dgbas.csv,115,2040,0,[SSL: CERTIFICATE_VERIFY_FAILED] certificate verify failed: unable to get local issuer certificate (_ssl.c:1000),確認網址可存取或調整爬取方式
AS-dgbas.csv,116,2042,0,[SSL: CERTIFICATE_VERIFY_FAILED] certificate verify failed: unable to get local issuer certificate (_ssl.c:1000),確認網址可存取或調整爬取方式
AS-dgbas.csv,117,2044,0,[SSL: CERTIFICATE_VERIFY_FAILED] certificate verify failed: unable to get local issuer certificate (_ssl.c:1000),確認網址可存取或調整爬取方式
AS-dgbas.csv,118,2047,0,[SSL: CERTIFICATE_VERIFY_FAILED] certificate verify failed: unable to get local issuer certificate (_ssl.c:1000),確認網址可存取或調整爬取方式
AS-dgbas.csv,119,2050,0,[SSL: CERTIFICATE_VERIFY_FAILED] certificate verify failed: unable to get local issuer certificate (_ssl.c:1000),確認網址可存取或調整爬取方式
AS-dgbas.csv,120,2052,0,[SSL: CERTIFICATE_VERIFY_FAILED] certificate verify failed: unable to get local issuer certificate (_ssl.c:1000),確認網址可存取或調整爬取方式
AS-dgbas.csv,121,2055,0,[SSL: CERTIFICATE_VERIFY_FAILED] certificate verify failed: unable to get local issuer certificate (_ssl.c:1000),確認網址可存取或調整爬取方式
AS-dgbas.csv,122,2060,0,[SSL: CERTIFICATE_VERIFY_FAILED] certificate verify failed: unable to get local issuer certificate (_ssl.c:1000),確認網址可存取或調整爬取方式
AS-dgbas.csv,123,2062,15,缺少內容：表單未填寫或未附上出差時間、出差詳細行程、停留地點、使用自用車理由、實際耗油量及總價、過路（橋）費收費站名稱、停車點及停車理由等必要資訊，亦未提供相關單據（如油票、過路費收據、停車票根）作為憑證。；建議：在出差請示單中完整註明出差時間、行程與停留地點，說明必須使用自用車的理由；於交通費申請明細表中列明實際耗油量與金額、過路（橋）費的收費站名稱、停車點及停車原因，並附上相應的票據或收據，以符合主管審核與報支規定。,補充缺失內容
AS-dgbas.csv,124,2065,0,"缺少內容：文件未提供「出差人員自行駕車交通費申請明細表」的範本及填寫說明，亦未說明將該表黏貼於支出憑證黏貼單的具體位置、格式要求與必要的附件說明，導致執行單位在實務操作時可能無法正確填報或黏貼，增加核銷困擾。
建議：在公告中附上明細表範本與填寫指引，說明各欄位的填寫方式與注意事項，並提供黏貼單的操作流程示意圖或範例，明確規定審核時限與主管核實程序，以確保各單位能依規定正確執行並減少核銷問題。",補充缺失內容
AS-dgbas.csv,125,2069,35,缺少內容：未說明租金、過路（橋）及停車費用的具體報支標準與上限，亦未提供「出差人員自行駕車交通費申請明細表」的範本或填寫說明。；建議：在條文中加入租金、過路（橋）及停車費用的計算方式、上限金額及審核流程，並附上申請明細表範本及填寫指引，確保執行人員能依規定正確申報。,補充缺失內容
AS-dgbas.csv,126,2076,20,缺少內容：規定中未說明「標準」金額的具體數額，也未說明「距本院三十公里」的測量方式（如道路里程或直線距離），以及缺乏實務操作範例說明如何依不同地點計算雜費支給金額。；建議：在條文中補充標準雜費金額的具體數值，明確定義距離計算方式（建議以道路里程為準），並提供幾個典型出差地點的計算示例，以便執行單位正確核算與支給。,補充缺失內容
AS-dgbas.csv,127,2080,15,缺少內容：目前的說明未提供具體的申請流程與所需文件，例如申請表格、核准流程的時間表、以及聯絡窗口的聯絡方式等，亦未說明若經費由院方支給，需提交哪些證明文件或預算核銷資料。；建議：建議在原有說明中加入以下資訊：① 明確列出申請參訓的步驟與所需表單；② 說明各類訓練（專業技能、基本技能）所需的審核層級與核准時限；③ 提供院方支給經費時的預算申請與核銷流程；④ 附上相關聯絡窗口（電話、電子郵件）與常見問題解答，以便申請人快速完成報備與請假手續。,補充缺失內容
AS-dgbas.csv,128,2083,0,缺少內容：文件中未說明在中央研究院外場地舉辦會議時，膳食費的具體上限金額與計算方式，僅提及依行政院規定辦理，缺乏可操作的細節說明；建議：補充外場地膳食費報支的具體標準，例如每人早餐、午餐、晚餐及點心的上限金額，或提供參照的行政院相關規範文件編號與連結，並說明特殊情形（如招待國際賓客、使用西餐）在外場地的調整上限與審批流程，以便執行人員清楚掌握報支依據。,補充缺失內容
AS-dgbas.csv,129,2096,0,HTTP 404,確認網址可存取或調整爬取方式
AS-dgbas.csv,130,2107,0,"缺少內容：目前的規定未明確列示各類會議及講習訓練之食宿、交通費用的具體上限金額，亦未說明違反規定的處罰機制與追溯責任，缺乏對於「遠赴風景名勝地區」或「高級飯店」的具體判斷標準，導致執行時仍有裁量空間，可能無法有效防止浪費公帑的情形。
建議：在規定中加入明確的費用上限表（如每日住宿上限、餐飲補助上限、交通費標準），並針對高於標準的支出設定例外審核流程；同時增列違規處罰條款（如追繳超支金額、行政處分），以及建立事後稽核機制，確保各機關依規執行，並於規定附件中提供「風景名勝地區」與「高級飯店」的判斷指標，以便統一執行。",補充缺失內容
AS-dgbas.csv,131,2115,15,缺少內容：未說明在何種情況下，年終業務檢討會、春酒等活動可例外使用非文康活動費支應，亦缺乏對於已在院內場地舉辦會議、訓練講習之具體執行細則與核銷流程的說明。；建議：應補充例外情形的判斷標準與申請程序，明確列出可使用文康活動費的條件；同時制定院內場地使用與會議、訓練講習核銷的操作手冊，包含申請表格、審核流程、預算編列與報銷要點，以確保各單位遵循規定並有效節省經費。,補充缺失內容
AS-dgbas.csv,132,2119,0,缺少內容：文件中未說明譯稿費、審查費、引言費、對談費及改稿費的計算方式細節，例如如何根據實際字數四捨五入、是否含稅、以及付款流程與所需附件的具體要求。；建議：在各項費用說明後補充計算範例，明確列出計價公式、稅務處理方式、申請與審核流程、所需提交的文件清單，以及聯絡窗口與時限，確保申請人能依規定正確申報與領取費用。,補充缺失內容
AS-dgbas.csv,133,2138,0,HTTP 404,確認網址可存取或調整爬取方式
AS-dgbas.csv,134,2150,0,HTTP 404,確認網址可存取或調整爬取方式
AS-dgbas.csv,135,2167,0,缺少內容：文件中未提供《中央研究院延聘顧問、客座專家及學者支付標準表》的具體內容，亦未說明各等級（諾貝爾級客座講座、客座講座及顧問、客座教授、客座副教授、客座助理教授、客座專家）的薪酬金額、計算方式及預算編列細節；同時缺少延聘申請表格範本及審核時程的具體說明。；建議：在作業要點中加入完整的支付標準表格，明確列出每一等級的報酬範圍與計算公式，並提供延聘申請表格範本及審核流程的時間表，以利申請單位依規定準備資料並加速審核程序。,補充缺失內容
AS-dgbas.csv,136,2201,0,缺少內容：文件中未說明延聘顧問、專家學者的申請流程、所需提交的文件清單、審核時限以及付款流程的具體步驟；亦缺乏對於不同聘期（如短期、長期）之保險費用、搬遷費用的申請與核准程序的說明。建議：在文件中加入申請與審核的完整流程圖，列出必備文件（如身分證明、學歷證明、保險證明等），明確規定審核時限與付款時點；同時補充保險費、搬遷費的申請條件、核准程序與報支上限，確保所有延聘人員能清楚了解並依規辦理。,補充缺失內容
AS-dgbas.csv,137,2248,40,缺少內容：未說明此紀念品費用上限的適用範圍是否包括臨時任命或兼任職務的主管，也未提供相關法規條文的完整引用與最新修訂日期，缺乏對實務操作流程（如申請、核准、報銷程序）的具體說明。；建議：補充說明上限規定的適用對象與例外情形，加入完整的法規條文編號與最新修訂資訊，並提供詳細的執行步驟說明（包括申請表格、審核流程、報銷時限等），同時提供相關文件的下載連結或參考網址，以便使用者完整了解規範內容。,補充缺失內容
AS-dgbas.csv,138,2250,15,"缺少內容：本規定未說明行動電話費用的申請流程、所需附件、審核時限及核銷方式，也未明確界定「專屬駕駛」之範圍與相關費用的計算方式，缺乏對於異常費用或超額使用的處理機制說明。
建議：在規定中加入詳細的申請與核銷步驟（包括表單、附件、審核層級與時限），明確定義「專屬駕駛」的職務範圍與費用計算原則，並設置超額或異常費用的審查與補助程序，以提升執行透明度與合規性。",補充缺失內容
AS-dgbas.csv,139,2263,20,"缺少內容：未說明購置10,000元（含）以上藝術品的審核流程、預算編列方式、驗收程序、財產登記細節以及相關表單與聯絡窗口。建議：補充完整的作業流程說明，包括申請、審核、預算列支、驗收、財產登記的具體步驟，提供相關表單範本與聯絡資訊，並加入常見問題與解答，以便各單位依規定執行。",補充缺失內容
AS-dgbas.csv,140,2265,0,缺少內容：未提供各項須報院核准情形之具體作業流程、所需提交的表單範本、審核時限以及相關聯絡窗口的詳細資訊，導致使用者無法依規定正確申請或核銷。；建議：補充說明每一項情形的申請步驟，包括需填寫的表格名稱、附件清單、審批層級與時程，並提供相關表單下載連結或範例，同時列出負責單位的聯絡電話與電子郵件，以便申請人快速取得協助。,補充缺失內容
AS-dgbas.csv,141,2277,15,"缺少內容：目前的結餘款處理原則未說明結餘款在院方統籌運用的具體使用範疇、審批流程及績效評估機制，也未列明結餘款的會計科目編碼、報表呈現方式及對外公開的透明度要求；此外，對於計畫主持人離職或退休後的結餘款管理缺乏明確的時間點與交接程序說明。
建議：在原則中補充結餘款的使用類別（如設備購置、人才培育、研究平台建置等），明確規定院方統籌運用的審批層級與所需文件，設定定期績效檢視與報告機制；同時加入會計科目編碼與財務報表列示範例，確保資訊透明；針對主持人離職或退休情形，規定結餘款的交接期限、交接清單及相關責任人，以提升管理的完整性與可追溯性。",補充缺失內容
AS-dgbas.csv,142,2288,0,"Invalid non-printable ASCII character in URL, '\n' at position 37.",確認網址可存取或調整爬取方式
AS-dgbas.csv,143,2301,15,缺少內容：未說明您需要補寫的 reason 針對哪一段文字或哪一項規定，亦未提供具體的問題或情境說明，導致無法精確定位缺失之處。；建議：請明確指出您希望補寫 reason 的對象（例如支出科目分攤表的說明、檢附資料的說明等），或提供相關的段落、問題描述或使用情境，以便針對性地補足缺少的內容並給予適當的建議。,補充缺失內容
AS-dgbas.csv,144,2314,35,缺少內容：文件未具體說明印製預算的編列金額、分送對象的詳細名單、印製數量的估算依據與計算方式，以及核准流程的具體步驟與所需提交的文件。建議：在相關規定中明確列出預算上限或編列原則，提供分送對象的分類標準與範例名單，制定印製數量的估算模型（如根據部門人數、活動需求等），並詳細說明核准程序，包括申請表格、審核時限與負責單位，以確保執行時具體可操作且符合撙節原則。,補充缺失內容
AS-dgbas.csv,145,2323,0,HTTP 404,確認網址可存取或調整爬取方式
AS-dgbas.csv,146,2325,15,缺少內容：文件未說明報酬及機票補助的稅務扣繳細節、各類院士與評議員的具體認定標準，以及特殊情形（如因疫情或不可抗力導致行程變更）的補助流程。；建議：在條文中加入稅率與扣繳方式說明，明確列出「大陸地區院士」與「國外院士」的定義，並增設因行程異動或不可抗力導致的機票變更補助程序與所需文件，以提升執行透明度與一致性。,補充缺失內容
AS-dgbas.csv,147,2346,0,缺少內容：文件中未列明各職稱對應的具體補助金額、申請與審核流程的詳細步驟、以及相關聯絡窗口與所需提交的文件清單。建議：在要點中補充每個職稱（助研究員、研究員、研究技師等）對應的補助金額範圍，明確說明申請補助的流程（包括申請表格、審核時限、批准程序），並提供負責單位的聯絡方式與所需提交的證明文件，以便申請人能完整了解並順利完成補助申請。,補充缺失內容
AS-dgbas.csv,148,2353,15,"缺少內容：文件中未說明各所（中心）兼辦會計人員在科研採購逕行採購案件（1,500,000元以上）之後續付款與報支流程，也未列出主計室在此類案件中的具體審核步驟與時限；建議：在表格或說明文字中補充科研採購逕行採購（1,500,000元以上）之經費申請、審核、付款及歸檔流程，明確劃分兼辦會計人員與主計室的職責，並加入相關時程與表單範例，以提升作業透明度與效率。",補充缺失內容
AS-dgbas.csv,149,2360,5,"缺少內容：原始說明中未具體列出各所（中心）兼辦會計人員與主計室在每項作業中的具體職責分工、使用的表單名稱、審核時限以及相關作業流程圖，導致讀者無法清楚了解每一步驟的執行細節與責任歸屬。
建議：在說明中補充每項業務的詳細作業流程，包括：① 各單位需填寫或使用的表單（如轉帳申請單、差額解釋表等）名稱與編號；② 各階段的審核與核准時限；③ 具體的職務分工說明（例如哪一類憑證由兼辦會計人員初審，哪一類由主計室最終審核）；④ 附上流程圖或表格以視覺化說明，確保流程透明且易於執行。",補充缺失內容
AS-dgbas.csv,150,2370,45,缺少內容：未說明在分批或部分驗收金額未達公告金額時，具體的核准程序與授權範圍，以及何種情形屬於「同辦法第6條規定情形」仍需通知監辦單位的具體例子。建議：在說明中加入核准流程圖、授權人員職稱與權限說明，並列舉第6條所指的情形（如金額超過公告金額、涉及重大變更或特定類別採購），以便執行單位清楚判斷是否需要通知監辦單位。,補充缺失內容
AS-dgbas.csv,151,2371,12,"缺少內容：文件中未說明在以書面或電子化方式進行招標及驗收程序時，監辦單位應如何執行遠端監看、資料傳輸安全及驗收結果的確認流程；亦缺乏對於「其他經監辦單位主管核可」之具體審核標準與批准程序的說明。
建議：補充遠端監辦的操作指引，包括使用加密通訊平台、驗收影像或錄音保存方式，以及明確列出可核准免派員監辦的情形與審核表單，確保即使不實地監辦亦能維持程序透明與合規。",補充缺失內容
AS-dgbas.csv,152,2391,0,缺少內容：未說明跨年度刷卡、例外情況（如補假、調整假期）之核銷流程，也未提供人事室具體作業時程的聯絡方式或相關表單下載資訊。；建議：補充說明跨年度或特殊情況的核銷處理方式，列出人事室聯絡窗口、作業時程及相關表單下載連結，並明確列出所有月份（含 12 月）之最終請領截止日期，以便使用者完整掌握核銷期限與程序。,補充缺失內容
AS-dgbas.csv,153,2394,0,缺少內容：具體的申請流程、所需表單、審核單位、適用範圍的明確說明、相關法規條文編號、例外情形的說明以及聯絡窗口資訊等細節。；建議：在回覆中加入上述資訊，提供申請表格下載連結，說明審核時程與程序，列出負責單位與聯絡方式，並引用相關法規條文編號（如84年6月12日84局給字第21265號函），以便申請人清楚了解如何申請加班供餐及其限制。,補充缺失內容
AS-dgbas.csv,154,2396,10,"缺少內容：未說明「直接支付受款人」與「非直接支付受領人」的具體判斷標準，也未提供簽名或蓋章的作業流程、時間點及表單範例，導致使用者不清楚何時需要簽名或蓋章以及如何操作。
建議：在說明中加入「直接支付」與「非直接支付」的定義與判斷依據，並提供簽名或蓋章的具體作業步驟、相關表格範例及完成簽署的時機說明，以便申請人依規定正確執行。",補充缺失內容
AS-dgbas.csv,155,2399,0,缺少內容：未說明加班費清冊送主計室核銷前，各權責單位的具體核章流程與所需提交的文件清單，例如人事室、總務處（技工、工友）以及各所（中心）兼辦人事的核章順序、簽核時限與備註說明。；建議：補充完整的核章流程圖，列出每個單位的核章責任、所需附件、審核時限及相關法規依據，並提供範例表單或檢查清單，以確保加班費清冊在送交主計室前已完成所有必要的審核與簽章。,補充缺失內容
AS-dgbas.csv,156,2402,0,缺少內容：目前的說明僅提到需檢附領據或退撫給與發放清冊，及核准公文影本，卻未列出其他常見必備文件，如核銷申請表、財務憑證（收據、發票）、相關會計科目說明、付款指示書或授權書等，亦未說明各文件的格式或取得方式。；建議：補充完整的文件清單，逐項說明每項文件的內容、格式與取得途徑，並提供相關表單或範本的下載連結，確保申請人能依規定完整備齊所有核銷所需文件。,補充缺失內容
AS-dgbas.csv,157,2405,0,缺少內容：未說明退撫給與發放清冊在送主計室核銷前，除人事單位外，還需哪些其他權責單位的核章，以及技工、工友的清冊應由哪個單位處理的具體流程。；建議：補充說明退撫給與發放清冊需經由人事單位核章，技工與工友的清冊則由總務單位核章，並列出完整的審核順序與相關單位的職責說明，以確保流程清晰、符合規範。,補充缺失內容
AS-dgbas.csv,158,2408,0,[SSL: CERTIFICATE_VERIFY_FAILED] certificate verify failed: unable to get local issuer certificate (_ssl.c:1000),確認網址可存取或調整爬取方式
AS-dgbas.csv,159,2410,0,[SSL: CERTIFICATE_VERIFY_FAILED] certificate verify failed: unable to get local issuer certificate (_ssl.c:1000),確認網址可存取或調整爬取方式
AS-dgbas.csv,160,2412,0,[SSL: CERTIFICATE_VERIFY_FAILED] certificate verify failed: unable to get local issuer certificate (_ssl.c:1000),確認網址可存取或調整爬取方式
AS-dgbas.csv,161,2414,0,[SSL: CERTIFICATE_VERIFY_FAILED] certificate verify failed: unable to get local issuer certificate (_ssl.c:1000),確認網址可存取或調整爬取方式
AS-dgbas.csv,162,2417,0,[SSL: CERTIFICATE_VERIFY_FAILED] certificate verify failed: unable to get local issuer certificate (_ssl.c:1000),確認網址可存取或調整爬取方式
AS-dgbas.csv,163,2420,0,缺少內容：未提供《中央機關公務員工國內出差旅費報支數額表》具體條文編號、最新版本的下載或查閱連結，以及簡任級以下人員各項旅費項目的具體金額上限說明。；建議：在答案中加入該表格的正式文件名稱、發布年份或條文號碼，並提供官方網站的直接連結或檔案下載網址；同時簡要列出簡任級以下人員的住宿、交通、膳食等各項費用的上限金額，以便使用者快速查閱與核算。,補充缺失內容
AS-dgbas.csv,164,2424,0,缺少內容：未提供差異說明,補充缺失內容
AS-dgbas.csv,165,2428,0,缺少內容：未提供差異說明,補充缺失內容
AS-dgbas.csv,166,2431,0,缺少內容：說明委託其他機關代辦特定訓練課程的費用，屬於業務費項下的「委辦費」用途別科目，並指出此科目專門用於委託外部單位執行業務相關訓練或服務的支出。；建議：在編列預算或進行經費核銷時，應選擇「業務費‑委辦費」科目，並備妥委託合約、課程計畫、付款憑證等相關文件，以確保支出符合財務規範並順利通過審核。,補充缺失內容
AS-dgbas.csv,167,2435,0,缺少內容：未說明具體的報備流程、所需表單、聯絡窗口及時限等細節。；建議：在說明中加入報備的具體步驟，包括填寫《外出訓練報備表》、提交主管審核、送至院方核准的流程，並註明相關聯絡人、電子郵件或系統平台，以及報備的最晚時間，以便人員依規定辦理。,補充缺失內容
AS-dgbas.csv,168,2438,0,缺少內容：未說明若報名費用不屬於訓練講習性質時，應具體列示適用的會計科目代號及其核銷流程；亦未提供相關法規條文或參考文件的連結，導致使用者無法進一步查證。；建議：補充說明非訓練講習性質的報名費應歸入「一般事務費」的具體科目代號（如 6420‑01），並說明其核銷所需的憑證、審核程序及可參考的法規條文（例如《預算執行法》相關規定），同時提供官方文件或網頁的超連結，以便使用者查閱完整規範。,補充缺失內容
AS-dgbas.csv,169,2442,0,缺少內容：未提供差異說明,補充缺失內容
AS-dgbas.csv,170,2445,0,缺少內容：未說明兼職人員交通費的計算標準、申請流程、審核機制以及可支給金額的上限與例外情形。；建議：補充交通費核算依據（如里程、票價或標準補助額）、具體的申請表格與提交時程、審核程序與負責單位說明，並明確列出可支給的金額上限、適用範圍及任何例外或限制，以便相關單位依規定執行。,補充缺失內容
AS-dgbas.csv,171,2448,0,缺少內容：未說明兼職（任）人員可領取的兼職費具體金額、計算方式及申請流程，也未闡述兼辦人員加班費的核發標準、適用條件與相關法規依據；建議：補充兼職費的金額、計算依據、申請與核准程序，同時說明兼辦人員加班費的適用情形、核准流程及引用的法規條文，以使說明更完整、易於執行。,補充缺失內容
AS-dgbas.csv,172,2451,0,缺少內容：未說明合聘研究員與兼任研究員在差旅費、鐘點費、薪資、福利等具體項目之差異；未提供相關法規條文編號與執行細節；亦缺乏兩者申請與核銷流程的說明。；建議：補充說明兩者在差旅費、鐘點費、薪資計算方式、適用的法規依據（如《軍公教人員兼職費支給表》及各校聘任規定），列出具體的金額標準或計算公式，並提供申請、核銷所需文件與流程，以便清晰比較與執行。,補充缺失內容
AS-dgbas.csv,173,2454,0,缺少內容：未說明非主管人員兼任主管職務時，具體可支領的加給項目、金額或比例，以及相關法規條文的詳細說明；同時缺少對「軍公教人員兼職費支給表」中非主管兼任非主管職務的支領項目、計算方式的具體描述。；建議：補充說明《公務人員加給給與辦法》中關於兼任主管職務的加給規定，列出可支領的加給類別、金額或計算比例，並提供相關條文或官方連結；同時針對兼任非主管職務，說明《軍公教人員兼職費支給表》中的支領項目、計算方式及查詢方式，以便使用者完整了解相關支領規定。,補充缺失內容
AS-dgbas.csv,174,2457,0,缺少內容：未說明「其他非管制性業務費項下」具體指的是哪一個預算科目，亦未提供相關法規條文或行政指引的引用，導致使用者無法確定應將未編列預算之兼職費歸屬於哪一個具體的預算項目。；建議：補充說明「其他非管制性業務費」在預算科目表中的編號或名稱（例如：業務費‑其他非管制性支出），並引用《預算執行與會計法》或主計室發布的相關作業規範條文，說明申請與核銷流程，以便使用者依規定正確列支兼職費用。,補充缺失內容
AS-dgbas.csv,175,2460,0,缺少內容：未提供薦任八等年功俸4級以上之兼任人員的兼職費具體金額，僅說明依附則二規定按簡任基準支給，缺乏實際數字或計算方式。；建議：查閱「軍公教人員兼職費支給表」中對應等級與年功俸的簡任基準金額，將該金額直接列出，或說明如何根據表格計算出具體的兼職費金額，以便使用者得到完整答案。,補充缺失內容
AS-dgbas.csv,176,2463,0,缺少內容：對於兼職費的計算方式，缺少具體的計算公式說明、不同月份天數的處理方式以及特殊情形（如死亡當月、跨月兼職）的詳細說明。建議：補充完整的計算公式（如：兼職費＝月支給金額 ÷ 當月天數 × 實際在職天數），並提供多個不同月份（28、30、31 天）以及特殊情形的計算範例，以便讀者更清楚了解計算方法。,補充缺失內容
AS-dgbas.csv,177,2466,0,缺少內容：未說明兼職費的具體計算方式、適用的薪俸點範圍、相關法條條文的完整引用以及實務操作流程的細節。；建議：補充兼職費的計算公式與範例、列出適用的薪俸點（如475點、245點）及其對應的簡任、薦任基準、提供相關法規條文的完整引用與連結，並說明申請、核發及報銷的具體步驟，以便使用者能完整了解規定與操作程序。,補充缺失內容
AS-dgbas.csv,178,2469,0,缺少內容：未說明是否所有敘定年功俸人員均可按高一官等標準支給兼職費，亦未列出例外情形的具體條件與適用範圍。；建議：補充說明適用範圍、例外條件及相關審核流程，並提供具體案例或條文依據，以便使用者清楚了解支給標準。,補充缺失內容
AS-dgbas.csv,179,2472,15,缺少內容：未說明加班費、未休假加班費黏存單是否需要驗收的具體流程、相關法規依據及在實務作業中如何處理的詳細說明。；建議：根據《經費結報常見疑義問答集》112.12.1、113.12.17號函的說明，明確指出此類加班費用屬非採購案件，免除驗收（證明）人核章，並在相關作業指引或內部控制文件中註明「加班費、未休假加班費黏存單驗收欄位得免核章」，以避免未來審計或付款時的疑義。,補充缺失內容
AS-dgbas.csv,180,2475,0,缺少內容：未說明加班第1、2小時的補休或加班費處理方式，以及缺乏對於已補休部分的佐證文件說明，導致加班事實的完整性不足。；建議：在說明中補充第1、2小時的補休政策或加班費計算依據，並提供相關的加班申請表、打卡紀錄或主管核准文件作為佐證，以確保加班事實完整且符合核章規定。,補充缺失內容
AS-dgbas.csv,181,2479,0,缺少內容：未說明具體的核算流程、相關法規條文、以及是否存在例外情況或特殊處理方式，導致讀者無法完整了解為何工讀生、臨時工的薪資必須等到次月初才能核算並撥付。；建議：補充說明薪資核算的時間表、依據的勞務契約條款或相關法規條文，並提供若有特殊情況（如加急核算、提前撥付）時的處理流程或例外規定，以提升說明的完整性與可操作性。,補充缺失內容
AS-dgbas.csv,182,2483,0,缺少內容：原回答未說明相關法規依據、何種情況下仍需提供出勤紀錄、以及黏存單的具體核章流程等細節。；建議：補充說明《預算執行與經費核銷相關法規》對於工讀生、臨時工薪資證明的要求，列舉黏存單核章的具體步驟，並說明若有特殊情形（如超時加班）仍需附上出勤表，以提升說明的完整性與可操作性。,補充缺失內容
AS-dgbas.csv,183,2487,0,缺少內容：未提供約用人員酬金預算編列的具體原則說明，例如編列基礎、考量因素、核算方式及相關法規依據等。建議：補充完整的編列原則說明，說明用人單位如何衡酌員額、根據近三年度決算數進行核實編列，並提供相關法規或指引的參考連結，以便使用者了解詳細操作流程。,補充缺失內容
AS-dgbas.csv,184,2491,0,缺少內容：未說明機票補助的具體計算方式、核銷所需的比價證明文件以及相關申請流程的詳細步驟。；建議：參考《國內出差旅費報支要點》，明確列出補助上限（以往返本院與任職地之機票票價為上限）、比價證明的格式與取得方式，並說明核銷時需提交的文件清單與審核程序，以便申請人依規定順利完成補助申請。,補充缺失內容
AS-dgbas.csv,185,2495,0,缺少內容：未說明若以現金、支票或其他非信用卡、非網路購票方式付款時，應檢附的付款證明文件；亦未提及旅行社直接開立發票或收據的處理方式。；建議：在說明中加入現金、支票、銀行轉帳、旅行社發票等不同付款方式的具體憑證要求，並提供範例文件名稱與格式說明，以便申請人完整備齊所需資料。,補充缺失內容
AS-dgbas.csv,186,2498,0,缺少內容：未提供差異說明,補充缺失內容
AS-dgbas.csv,187,2501,0,缺少內容：目前的說明未具體列出依科技部標準補助的申請流程、所需提交的文件清單、以及審核與核銷的時間表，亦未說明在何種情況下仍需向院內報備或取得院內批准，導致使用者無法完整掌握整個作業程序。；建議：補充完整的申請步驟說明，包括申請表格範本、必備附件（如邀請函、研究計畫書、預算明細等），明確標示哪些情形必須先向院內報備或取得批准，並提供相關聯絡窗口與常見問答，以便申請人依規定順利完成補助申請與核銷。,補充缺失內容
AS-dgbas.csv,188,2504,0,缺少內容：未提供支付標準表中專家、學者級別認定的具體標準、評估指標或參考依據，僅說明由邀訪單位自行認定，缺乏統一的判斷依據與操作流程。；建議：補充說明級別認定的具體要素，如學術職稱、研究成果、專業經驗、參與項目類型等，並提供可參考的評分表或指引文件，確保各邀訪單位在認定時有一致的標準與依據。,補充缺失內容
AS-dgbas.csv,189,2508,0,缺少內容：未提供差異說明,補充缺失內容
AS-dgbas.csv,190,2512,0,缺少內容：未說明在何種情況下可免填寫計程車請示單，缺乏對「簽准公文或請購單已敘明」的具體範例與操作流程說明。 建議：提供具體範例，例如在出差申請表或請購單的「交通工具」欄位註明「計程車」並取得主管核准，並說明如未於文件中註明則仍需填寫計程車請示單，以確保流程合規。,補充缺失內容
AS-dgbas.csv,191,2516,0,缺少內容：未說明具體的支給標準、金額上限、申請流程及相關表單；建議：補充相關法規條文、列出支給標準表、說明申請程序及所需文件，並提供範例說明，以便使用者清楚了解如何依規定辦理出席費、講座鐘點費等支給。,補充缺失內容
AS-dgbas.csv,192,2520,0,缺少內容：原文未說明在何種情況下可視為「任職地」的概念，亦未引用具體法規條文說明退休學者居住國亦可視為任職地，導致判斷依據不夠明確；建議：在說明時加入《各機關聘請國外顧問、專家及學者來臺工作期間支付費用最高標準表》或《國內出差旅費報支要點》相關條款的具體條文，並說明退休學者即使無任職機構，其居住國亦可視為出差起點，以此作為補助機票的法理依據。,補充缺失內容
AS-dgbas.csv,193,2524,0,缺少內容：目前的說明未具體列出來台學者在台灣之交通費報支的詳細流程、所需提交的憑證類型、各項費用的核算標準以及不同情況（有無簽訂契約）下的具體金額上限與審核步驟。建議：補充完整的報支作業指引，包括（1）交通費用的計算方式與可報支項目；（2）必備的憑證與申請表格範本；（3）有簽約與無簽約顧問、專家及學者的差異化規定與金額上限；（4）審核流程與時限說明；以及（5）相關法規條文的引用與連結，確保使用者能依據明確指引完成報支。,補充缺失內容
AS-dgbas.csv,194,2528,0,缺少內容：未說明大陸學者入臺證費用是否列入現行「各機關聘請國外顧問、專家及學者來臺工作期間支付費用最高標準表」或「國家科學及技術委員會補助國外學者專家來臺從事科技合作研究活動支付費用最高標準表」之內，導致無法判斷其可否核銷。；建議：在說明中明確指出入臺證費用不屬於上述標準表列之給付項目，並建議相關單位如需支應此類費用，應另行申請專項經費或自行負擔，以免產生核銷爭議。,補充缺失內容
AS-dgbas.csv,195,2532,100,完全涵蓋，無缺失,無
AS-dgbas.csv,196,2538,0,缺少內容：未說明退休員工參加的具體條件與程序，也未說明眷屬自費參加的限制與流程。；建議：在答案中加入退休員工可參加的情形說明，如需經主管批准或活動性質限制；同時說明眷屬自費參加的申請方式、費用負擔及相關規定，並提供相關法規條文或連結以供查閱。,補充缺失內容
AS-dgbas.csv,197,2541,0,缺少內容：未說明臨時人員（約聘僱人員以外）為何不列入文康活動費編列的具體依據與政策背景，亦缺乏對相關法規條文或行政指導函的完整引用與解釋。；建議：補充說明行政院主計處 93.5.31 處實一字第 0930003416 號函的具體內容，明確指出文康活動費的適用對象僅限於正式編制人員，並提供相關法規條文或政策說明，必要時可舉例說明臨時人員在其他經費項目中的編列方式，以提升答案的完整性與可參考性。,補充缺失內容
AS-dgbas.csv,198,2544,0,缺少內容：未說明文康活動保險的具體投保範圍、保額設定、保險公司選擇及相關費用的預算列支方式；亦未提供辦理戶外活動時安全契約的範本或簽訂流程的詳細說明。；建議：在回覆中補充保險投保的具體要點，包括適用的保險類型（如意外險、團體平安險）、建議的最低保額、可供選擇的保險公司或平台、保費計算方式及其在年度預算科目中的列支方式；同時提供安全契約的基本條款範例或參考文件，並說明簽訂與保險投保的同步作業流程，以確保活動符合《中央各機關學校員工文康活動實施要點》之規定。,補充缺失內容
AS-dgbas.csv,199,2547,0,缺少內容：未說明參加競賽活動之公務人員若同時具備公差性質，如何在「國內出差旅費報支要點」與「中央各機關學校員工文康活動實施要點」之間劃分費用歸屬，亦缺乏具體的申報流程、所需附件及審核時程說明。；建議：補充說明在同時符合公差與文康活動條件時，應依哪一項規定優先列支，並提供完整的申報表格範例、所需證明文件（如行程表、比賽證明、住宿發票）以及審核流程與時限，確保執行人員能正確操作並避免重複報支。,補充缺失內容
AS-dgbas.csv,200,2550,0,缺少內容：未說明在原預計參加人數基礎上，若有員工因故缺席，是否仍可依原人數檢附原始憑證進行核銷，以及相關的審核流程與限制。建議：補充說明依《行政院主計處函》（90.7.20 臺處忠字第 06106 號）之規定，缺席員工仍須列入原預計人數，並在核銷時附上原始憑證；同時明確指出不可因缺席再申請額外補助，並提供具體操作步驟與範例，以利承辦單位正確執行。,補充缺失內容
AS-dgbas.csv,201,2553,0,缺少內容：未說明禮券或現金支給的具體金額上限、核准流程及相關會計處理細節，亦缺乏對違規發放的懲處標準與案例說明；建議：在文件中加入支給金額上限與審核程序的明確規範，提供會計核銷範例，並列出違規處分的具體條款與實務案例，以提升執行透明度與合規性。,補充缺失內容
AS-dgbas.csv,202,2556,0,缺少內容：未具體說明在年度預算中可列支親子活動經費的會計科目代號或名稱，亦未提供判斷活動屬於「文康活動費」或其他科目的具體依據與範例。；建議：列出常用的相關科目（例如「文康活動費」代號 1234、或「其他業務支出」代號 5678），並說明如何根據活動性質（如是否屬於文化康樂類）選擇適當科目，同時提供判斷流程或參考文件，以便各機關在編列預算時能正確歸屬。,補充缺失內容
AS-dgbas.csv,203,2559,0,"缺少內容：未說明領隊及相關工作人員在自強康樂活動中差旅費的具體報支標準、申請流程及所依據的法規條文；亦缺乏對已提供交通、膳宿情形下，差旅費不可重複支領的操作細節說明。
建議：補充說明領隊與工作人員差旅費的報支依據（如《國內出差旅費報支要點》相關條款），列出申請所需的文件、審核程序及金額上限；同時明確指出在活動已提供必要交通與膳宿時，哪些費用項目不可再申報，並提供實務操作範例或參考表單，以利執行人員正確核銷。",補充缺失內容
AS-dgbas.csv,204,2562,0,"缺少內容：未具體列出《中央各機關學校員工文康活動實施要點》相關條文編號與條文內容，亦未說明「一般事務費」的定義與適用範圍，導致說明僅停留在概念層面，缺乏法規依據的完整呈現。
建議：在說明中補充引用具體條文編號（如第○條第○款），明確說明「文康活動費」與「一般事務費」的區分依據，並提供相關行政指引或案例，以增強說服力與可操作性。",補充缺失內容
AS-dgbas.csv,205,2569,0,缺少內容：未說明「必要路程」的具體認定標準與判斷依據，僅引用了第5點規定的概括性說明，缺乏實務操作的具體指引，如如何衡酌業務特性、地理位置及交通狀況等因素的具體步驟或範例。；建議：補充說明「必要路程」的判定要點，列舉常見情形（如直達與迂迴、公共交通與自駕、特殊地形等）的判斷依據，並提供實務操作流程或範例，以便各機關在自行核處時有明確依據。,補充缺失內容
AS-dgbas.csv,206,2574,0,缺少內容：未說明出差人員每日通勤往返的具體核准流程、所需提交的證明文件以及核准時限，亦未列出相關法規條文的明確引用。；建議：在說明中加入由所屬機關或中心負責審核的具體步驟，明確列明需提交的通勤里程證明、交通票據、核准表單等文件，說明核准的時限與程序，並引用《國內出差旅費報支要點》及相關主計總處規定，以便執行人員依規定辦理。,補充缺失內容
AS-dgbas.csv,207,2579,0,缺少內容：對於出差人員於出差當日先從居住地前往辦公室再至出差地的交通費報支規定說明不足，未說明居住地至辦公室的交通費是否可列入報支，也缺乏對實際支付金額與上限計算方式的具體指引。 建議：依《國內出差旅費報支要點》第5點規定，僅報支機關所在地（辦公室）至出差地之交通費，居住地至辦公室的交通費不列入報支；報支時應附上票據、行程單，並依所搭乘之交通工具及必要路程計算，確保不超過規定上限。,補充缺失內容
AS-dgbas.csv,208,2584,0,缺少內容：未具體說明《國內出差旅費報支要點》第5點的條文編號及其對應的「必要路程」定義，亦未提供計算公里數的具體方法或範例，讓使用者難以確認何種情況屬於「必要路程」以及如何自行核算。；建議：在回覆中加入該要點的完整條文編號與文字說明，並說明「必要路程」的判斷標準與計算方式（如起訖點選擇、公里數查詢方式），同時提醒雖然不需提供證明文件，但仍建議保留相關行車紀錄或里程表以備稽核。,補充缺失內容
AS-dgbas.csv,209,2589,0,缺少內容：目前的說明中未列出自用汽(機)車及租賃車輛的具體報支標準，例如每公里的油料補助金額、停車費與過路費的最高核銷上限，以及缺乏「出差人自行駕車交通費申請明細表」的範本與填寫說明。此外，對於審核流程的具體步驟、所需簽核人員及時限也未作明確說明，導致執行時可能出現審批不一致或延誤的情況。；建議：1. 在政策文件中加入自用車與租賃車的報支標準，明確每公里油料補助金額、停車費與過路費的核銷上限。2. 提供「出差人自行駕車交通費申請明細表」的範本，並說明各欄位填寫要點。3. 製作審核流程圖，列出申請、審核、核銷的具體步驟、負責單位與簽核時限，確保各部門依統一流程操作。4. 若有特殊情形（如偏遠地區無大眾交通），可另訂補助標準或審核例外流程，並於文件中說明。,補充缺失內容
AS-dgbas.csv,210,2596,0,缺少內容：未說明出差地至住宿地往返交通費（含計程車）在報支時應如何列入雜費，缺乏具體的列示方式、計算依據以及相關法規條文的引用。；建議：在說明中加入該費用列入雜費的依據與計算方式，明確指出應依《國內出差旅費報支要點》第5點的規定，將此類交通費列為雜費項目，並提供相關法規條文或範例說明，以便清楚判斷與操作。,補充缺失內容
AS-dgbas.csv,211,2601,0,缺少內容：原先的說明未具體列出申請已支付住宿費用報支的程序與所需文件，缺少以下要點：① 何種情形屬於「不可歸責於當事人」的認定標準；② 需提交的證明文件（如住宿發票、取消行程的官方通知或機票/住宿取消證明等）；③ 申請報支的審核單位與流程（如先向所屬單位主管報備，再由財務科或會計室核准）；④ 報支時應列入原核定出國經費的哪一項目；⑤ 若未符合條件，是否有其他補償或列支方式。；建議：在回覆中加入完整的操作指引：1. 確認取消出差屬於「不可歸責於當事人」的情形，並取得上級主管或機關核准的書面說明；2. 準備住宿發票、取消住宿的證明文件（如酒店取消確認信）以及出差取消的官方通知；3. 填寫《出差費用報支單》，在「住宿費」欄位註明為「取消出差已支付住宿費」並附上上述證明；4. 送交所屬單位主管審核後，交由財務科/會計室依原核定出國經費項下列支；5. 若有疑問，可參考行政院主計總處108.10.18主預字第1080053770號函釋，或向財務科詢問具體作業流程。,補充缺失內容
AS-dgbas.csv,212,2605,0,缺少內容：目前的說明未提供具體的法規條文編號、核准流程的詳細步驟，以及相關單位（如所、中心）在提前住宿需求時的審核權責說明，亦缺乏實務操作範例（如申請表單、核准時限）和可能的例外情形。；建議：1. 引用完整的法規條文編號（例如《國內出差旅費報支要點》第3點）並說明其適用範圍。2. 詳列提前住宿需求的核准流程，包括申請人、審核單位、所需文件、審核時限及核准方式。3. 提供實務範例或表單樣本，說明如何填寫及提交。4. 說明若未經核准而提前住宿的後續處理方式及可能的費用核銷限制。5. 補充常見疑問的解答，如「何種情形屬於不可歸責於當事人」以及「提前住宿費用的上限」等。,補充缺失內容
AS-dgbas.csv,213,2609,0,缺少內容：旅行社提供的收據未逐條列示交通、住宿等費用明細，缺乏政府支出憑證所要求的詳細項目說明。；建議：向旅行社索取或自行補製具備項目、金額、日期等詳細資訊的項目式收據，並於國內出差旅費報告表中註明各項費用，必要時附加說明文件，以符合行政院主計總處的報支規定。,補充缺失內容
AS-dgbas.csv,214,2613,0,缺少內容：原文未說明在使用 WebITR 差勤系統列印國內出差旅費報告表時，是否仍需保留差勤核准單的電子紀錄或其他佐證文件；亦未提供相關法規條文編號或具體作業流程說明，導致使用者不易確認完整的核銷程序。；建議：補充說明在系統自動產製報告表後，差勤核准單的電子檔案是否仍需保存於系統或其他檔案庫中；列出相關法規條文編號（如《公務人員差勤管理辦法》或《行政院預算執行與經費核銷作業要點》）以及具體的作業步驟與範例文件，並提供系統操作說明的連結或下載範本，以便使用者完整遵循核銷規定。,補充缺失內容
AS-dgbas.csv,215,2616,0,[SSL: CERTIFICATE_VERIFY_FAILED] certificate verify failed: unable to get local issuer certificate (_ssl.c:1000),確認網址可存取或調整爬取方式
AS-dgbas.csv,216,2619,0,[SSL: CERTIFICATE_VERIFY_FAILED] certificate verify failed: unable to get local issuer certificate (_ssl.c:1000),確認網址可存取或調整爬取方式
AS-dgbas.csv,217,2623,0,[SSL: CERTIFICATE_VERIFY_FAILED] certificate verify failed: unable to get local issuer certificate (_ssl.c:1000),確認網址可存取或調整爬取方式
AS-dgbas.csv,218,2629,0,[SSL: CERTIFICATE_VERIFY_FAILED] certificate verify failed: unable to get local issuer certificate (_ssl.c:1000),確認網址可存取或調整爬取方式
AS-dgbas.csv,219,2634,0,[SSL: CERTIFICATE_VERIFY_FAILED] certificate verify failed: unable to get local issuer certificate (_ssl.c:1000),確認網址可存取或調整爬取方式
AS-dgbas.csv,220,2639,0,[SSL: CERTIFICATE_VERIFY_FAILED] certificate verify failed: unable to get local issuer certificate (_ssl.c:1000),確認網址可存取或調整爬取方式
AS-dgbas.csv,221,2643,0,[SSL: CERTIFICATE_VERIFY_FAILED] certificate verify failed: unable to get local issuer certificate (_ssl.c:1000),確認網址可存取或調整爬取方式
AS-dgbas.csv,222,2648,0,[SSL: CERTIFICATE_VERIFY_FAILED] certificate verify failed: unable to get local issuer certificate (_ssl.c:1000),確認網址可存取或調整爬取方式
AS-dgbas.csv,223,2653,0,[SSL: CERTIFICATE_VERIFY_FAILED] certificate verify failed: unable to get local issuer certificate (_ssl.c:1000),確認網址可存取或調整爬取方式
AS-dgbas.csv,224,2658,0,[SSL: CERTIFICATE_VERIFY_FAILED] certificate verify failed: unable to get local issuer certificate (_ssl.c:1000),確認網址可存取或調整爬取方式
AS-dgbas.csv,225,2662,0,缺少內容：目前的說明僅列出四種補助對象的類別名稱，卻未提供類別三（其餘員工）與類別四（實驗室人員）的具體判斷標準、補助金額、申請流程、所需文件及聯絡窗口等關鍵資訊；同時缺乏對各類別適用的健康檢查項目與執行時程的說明。；建議：在原有分類基礎上，補充說明類別三與類別四的具體資格條件（如服務年資、職務層級等），明確列出每類別可領取的補助金額或檢查項目，提供完整的申請步驟、所需表單下載連結、審核時限與聯絡人資訊，並加入常見問答或流程圖以方便員工快速了解與操作。,補充缺失內容
AS-dgbas.csv,226,2669,0,缺少內容：未提供健康檢查補助的申請流程、所需文件、審核時程、補助金發放方式及聯絡窗口等具體細節；建議：補充完整的申請步驟說明、所需表單下載連結、審核與撥款時間表、常見問題解答以及相關負責單位的聯絡資訊，以便員工清楚了解如何申請及領取補助。,補充缺失內容
AS-dgbas.csv,227,2676,0,缺少內容：未說明本院留職停薪人員是否享有任何補助或補貼，亦未提供相關政策依據或具體金額說明；建議：補充說明留職停薪人員在健康檢查或其他福利項目上是否有補助，並列出適用的法規條文或內部規定，若無補助亦應明確指出，以便讀者了解完整政策。,補充缺失內容
AS-dgbas.csv,228,2680,0,缺少內容：未說明受檢人是否可自行選擇醫療機構辦理檢查，以及在何種情況下可以例外。；建議：在說明中加入受檢人自行選擇醫療機構的條件與限制，說明需符合中央衛生主管機關評鑑合格之醫療機構，並提供相關申請流程或例外情形的指引。,補充缺失內容
AS-dgbas.csv,229,2688,0,缺少內容：未說明受檢人忘記核銷後，應依照哪一套具體流程或表單進行補辦，包括需提交的醫療收據、核銷申請書、主管簽核及相關審核時限等細節。；建議：建議補充說明受檢人應於發現遺漏後，立即向所屬單位的財務或會計部門提出補件申請，並提供醫院開立的正式收據、健康檢查報告及個人身分證明，填寫《經費核銷申請表》後送交主管核准，最後於當年度預算內完成核銷。若逾期，可參考本院《經費核銷相關法規暨常見疑義詢答集》中的例外處理規定，或向主計室諮詢是否可列入次年度補助。,補充缺失內容
AS-dgbas.csv,230,2692,0,缺少內容：未說明若已領取部分健康檢查補助，餘額是否可於同年度內用於其他項目或申請其他類型補助，亦未提供相關法規條文或內部作業指引的具體引用。；建議：在說明中加入關於補助餘額的處理原則（如僅限於本年度同項目使用，不能累計至次年度），並附上相關法規條文或內部作業流程文件的連結，讓申請人可清楚了解政策依據與限制。,補充缺失內容
AS-dgbas.csv,231,2696,0,缺少內容：回覆未說明哪些醫療機構被列為「中央衛生主管機關評鑑為合格」的具體標準，也未提供如何查詢或確認該醫療機構是否符合資格的步驟，導致使用者無法判斷其持有的收據是否符合申請條件。；建議：補充說明合格醫療機構的判定依據，例如需具備衛生福利部或地方衛生局的評鑑合格證明，並提供查詢合格機構名單的官方網站或聯絡方式；同時列舉常見不符合資格的診所、健檢中心或醫事檢驗所的情形，讓使用者能更清楚判斷其收據是否可申請補助。,補充缺失內容
AS-dgbas.csv,232,2700,0,缺少內容：申請表中未說明應將哪位出納人員加入，以及加入的具體流程、所需文件與審核機制，導致申請人不清楚如何正確完成加會出納人員的步驟。；建議：在表單說明或操作指引中加入以下資訊：① 明確列出需加會的出納人員職稱或編號；② 說明加會的申請流程，包括填寫欄位、提交文件與審核時程；③ 提供範例或連結至相關法規條文，以便申請人依規定完成加會作業。,補充缺失內容
AS-dgbas.csv,233,2704,0,缺少內容：未提供差異說明,補充缺失內容
AS-dgbas.csv,234,2708,0,缺少內容：未說明在不同情況下（自行選擇醫療機構與參加本院人事室安排檢查）所需提交的具體文件名稱、格式及取得方式，例如健康檢查補助費申請表的填寫要點、醫療院所收據的必備欄位、以及本院人事室核章文件的具體內容與簽核流程。；建議：補充說明每項文件的詳細要求，包括表單下載位置、必填欄位說明、收據需列明的項目（如醫院名稱、檢查日期、金額等），以及人事室核章文件的申請程序與所需時間，並提供相關範例或連結，以便申請人完整備齊所有核銷所需文件。,補充缺失內容
AS-dgbas.csv,235,2713,0,缺少內容：未明確說明在何種情況下應視為「院內場地」或「院外場地」，缺乏具體判斷標準、例外情形以及相關法規條文的引用，導致使用者在實務操作時可能產生疑慮。；建議：在說明中加入判斷依據，例如是否在合辦、協辦機關的場地舉辦、場地所有權或使用權的歸屬、是否有正式簽署的場地使用協議等；提供具體案例說明「院內」與「院外」的區分；並引用或附上《中央研究院各項膳宿費標準表》及行政院 113 年 1 月 10 日院授財會字第1131500027 號函的相關條文，確保資訊完整且易於執行。,補充缺失內容
AS-dgbas.csv,236,2716,0,缺少內容：未提供具體的法規條文原文、相關案例說明以及實務操作細節，導致讀者無法完整了解「合辦、協辦大型國際研討會、訓練時，由協辦機關人員擔任主持人，是否得支領出席費、審查費、主持費等」的判斷依據與執行方式。；建議：補充中央政府各機關學校出席費及稿費支給要點第 4 條的完整條文，並列舉實務案例或常見問答，說明在何種情況下可或不可支領相關費用，同時提供申請或核銷流程的具體步驟，以提升說明的完整性與可操作性。,補充缺失內容
AS-dgbas.csv,237,2719,0,缺少內容：未具體列出合辦、協辦研討會核銷時所需提交的完整單據清單，例如缺少對於政府單位與非政府單位在分攤金額、原始憑證、收支報告表等項目的詳細說明與範例。；建議：補充說明應提交的各類單據，包括但不限於機關別分攤表、收據、收支報告表、相當於本院分攤金額之原始單據正本，以及任何其他必要的核銷附件，並針對政府單位與非政府單位分別列出具體要求，以便使用者清楚了解核銷流程。,補充缺失內容
AS-dgbas.csv,238,2722,0,缺少內容：未提供差異說明,補充缺失內容
AS-dgbas.csv,239,2725,0,缺少內容：未說明核銷時不需附會議議程的依據與原因，缺乏對相關法規或行政規定的說明。；建議：補充說明依據的法規條文或行政指引，說明為何會議議程不是核銷必備文件，並可提供範例或常見問答以協助使用者了解。,補充缺失內容
AS-dgbas.csv,240,2728,0,缺少內容：未說明本院選擇「一般事務費」作為出帳科目的依據與相關會計規範，缺乏對機關別分攤表、收據及收支報告表如何對應至此科目的具體說明。；建議：補充說明依據《公務人員預算執行與會計處理規定》或相關財務會計手冊，闡述「一般事務費」的定義、適用情形，以及為何本案的分攤金額、原始憑證等符合此科目，並可提供範例或參考文件以增強說服力。,補充缺失內容
AS-dgbas.csv,241,2731,15,缺少內容：未說明本院經費編列標準的具體條款、核銷流程的詳細步驟、所需附件清單以及分攤款核銷的時限要求。；建議：補充本院標準規定的條文引用，明確列出核銷流程各階段的作業說明、必備文件與提交時限，並提供相關作業指引或範例連結，以利使用者依規定正確執行核銷。,補充缺失內容
AS-dgbas.csv,242,2734,0,缺少內容：目前的說明僅提到非政府單位收取的註冊費或租金應列入收支結報表並扣抵實際支出金額，卻未說明具體的會計科目分類、憑證製作、報表填列方式、稅務處理（如是否需開立發票或扣繳稅款）以及相關內部審核與備查文件的要求。建議：補充完整的會計處理流程，包括（1）收款時應使用的會計科目（如「其他收入」或「活動收入」），（2）憑證編製與附件（如報名表、租賃合約）之規範，（3）報表列示方式與說明文字，（4）稅務合規性說明（發票開立、扣繳稅額），以及（5）內部審核與存檔程序，確保所有步驟符合《預算執行與經費核銪相關法規》之規定。,補充缺失內容
AS-dgbas.csv,243,2737,0,缺少內容：未說明在核銷時，原始單據正本的具體檢查要點，例如需確認每張收據、發票或其他憑證的金額、日期、開立單位與核銷金額相符，並且所有正本合計金額必須等於或大於本院分攤金額；亦未提及若合計金額不足時的處理流程及需補件的要求。；建議：在說明中加入以下要點：①核對每張原始單據的金額、開立日期與收款單位是否與分攤表一致；②將所有正本單據金額加總，確保合計金額≥本院分攤金額；③若合計金額不足，應要求主辦單位補足差額或提供說明；④保存正本單據的副本以備查，並在核銷報告中註明檢查結果與任何例外情形。,補充缺失內容
AS-dgbas.csv,244,2740,5,"缺少內容：未說明在採購案經費報支時，核准簽案正本是否必須隨同原始憑證一起提交，導致讀者無法確定是否需要提供正本文件；
建議：補充說明根據行政院主計總處的規定，經費報支時僅需檢附核准簽案的影本，正本並非必須，並說明在何種情況下（如影本未納入契約副本）才需要提供正本，以便使用者正確遵循核銷流程。",補充缺失內容
AS-dgbas.csv,245,2743,5,缺少內容：未提供製作支出分攤表所需的具體資訊，如各支出科目或支出機關的名稱、分攤比例、金額、相關案由說明、原始憑證張數及其黏附位置等細節。；建議：在表格中逐項列出所有支出科目或機關，明確註明每筆支出的案由，於附註欄說明原始憑證的張數與黏附之處，並提供完整的金額與分攤比例，以確保表格資訊完整且可追溯。,補充缺失內容
AS-dgbas.csv,246,2745,0,缺少內容：未提供相關法規條文或具體依據說明，僅以一般性描述說明分攤表的製作張數。；建議：加入適用的法規條文編號或官方文件連結，說明此規定的來源與依據，並可提供實務操作範例以提升答案的完整性與可信度。,補充缺失內容
AS-dgbas.csv,247,2748,0,缺少內容：未說明在何種情況下應將全案之原始憑證黏附於主辦機關或分攤金額較大之機關的支出憑證黏存單，亦未具體說明分攤機關在核銷時僅需檢具收據正本及分攤表的操作細節與相關文件格式。；建議：補充說明不同情形的具體作業流程，包括何時使用主辦機關黏附、何時使用分攤金額較大機關黏附，並提供分攤機關應提交的收據正本、支出機關分攤表或公文範本，以利各機關依規定正確處理原始憑證。,補充缺失內容
AS-dgbas.csv,248,2751,0,缺少內容：未提供支出機關分攤表的具體格式、欄位說明及填寫步驟，僅僅指出需製作「支出機關分攤表」卻未說明如何編製。；建議：補充支出機關分攤表的範本，說明各欄位（如機關代號、預算科目、分攤金額、比例等）的意義與填寫方式，並提供編製流程與注意事項，以便使用者能正確完成分攤表。,補充缺失內容
AS-dgbas.csv,249,2754,0,缺少內容：未說明在何種情況下可以免除取得原始憑證影本，以及缺乏對相關法規條文的具體引用，讓使用者不易判斷此作業是否符合所有核銷規定。；建議：補充說明僅在主辦機關已提供正式收據正本且附有分攤表或載明分攤內容之公文時，原始憑證影本可免除，同時引用《公務機關經費核銷作業要點》第○條或相關法規，以增強說服力，並提醒如有特殊情形（如未取得正式收據）仍需保留原始憑證影本以備查核。,補充缺失內容
AS-dgbas.csv,250,2757,0,缺少內容：未說明在支出科目分攤表中是否必須特別備註廠商或受款人名稱，以及在多計畫分攤時如何正確處理原始憑證與受款人資訊的具體作業步驟。；建議：在說明中加入明確指示，指出分攤表應註明廠商或受款人名稱，並在多計畫分攤時將分攤表作為原始憑證核銷的依據，附上原始憑證影本或於分攤表中註明相關受款人資訊，以供登打經費申請單使用。,補充缺失內容
AS-dgbas.csv,251,2760,0,缺少內容：未提供差異說明,補充缺失內容
AS-dgbas.csv,252,2763,0,缺少內容：說明中未具體列出公務預算與基金預算分攤的完整作業流程，包括各階段的審核人員、所需提交的表單與附件、審核時限以及最終用印與回傳的具體步驟。亦缺乏對於「金額最大即為應收件之審核」的判斷標準與例外情況的說明。；建議：補充完整的流程圖或文字說明，明確標示：①分攤表製作與黏存單的填寫要點；②送審前需備齊的文件清單；③審核順序（主計室、基金預算審核主管、公務預算審核主管等）及各自的職責；④每個環節的處理時限與回覆方式；⑤用印程序與回傳方式的具體說明；⑥若金額相同或有特殊情形的處理原則。提供範本表格與常見問題解答，可提升使用者依流程正確操作的效率。,補充缺失內容
AS-dgbas.csv,253,2766,0,缺少內容：對支出科目分攤表與機關分攤表的具體填寫要點、相關法規條文、表格範本、審核與歸檔流程等說明未列出。；建議：補充說明兩種分攤表的填寫欄位說明、適用法規依據、實務操作步驟、範例圖示，並提供表格下載連結或參考文件，以便使用者完整了解何時使用、如何製作及後續審核程序。,補充缺失內容
AS-dgbas.csv,254,2774,0,缺少內容：未說明機關在調整分攤表格式時，需遵循的具體程序、審核機制及相關法規依據，亦缺乏調整後表格範例或實務操作指引，致使用者無法確定調整的合規性與執行細節。；建議：補充說明調整分攤表格式的步驟（如申請、審核、核章流程），列出適用的法規條文或內部規範，提供調整後的表格範例及備註說明的寫作範本，並說明調整後的文件保存與查閱方式，以提升實務操作的清晰度與合規性。,補充缺失內容
AS-dgbas.csv,255,2777,0,缺少內容：未說明分次驗收的具體核銷流程、各階段應填寫的表單及其提交時機、財產（或軟體）增加單的格式與提交期限，以及相關審核與沖銷的操作細節。；建議：補充分次驗收每一階段的核銷步驟，列出所需的經費申請單、轉帳申請單、財產（或軟體）增加單的填寫要點與必備附件，說明何時必須附上財產（或軟體）增加單，並提供審核流程、沖轉作業及注意事項的具體說明。,補充缺失內容
AS-dgbas.csv,256,2784,0,缺少內容：未說明在核銷過程中，若發生資產類別變更或金額調整，是否仍適用同一科目以及是否需要額外的說明文件。；建議：在回答中補充說明若出現資產類別變更或金額調整的情況，應如何處理（例如使用調整科目或補充說明），並明確指出此類情形是否仍以「514 購置機械及設備」核銷，或需另行申請其他科目，同時提供相關文件的範例或參考依據。,補充缺失內容
AS-dgbas.csv,257,2787,0,缺少內容：未說明院內人士獲獎後核銷時應檢附的具體表件，如獎狀、獎金發放證明、相關核准文件或領取收據等。；建議：補充說明核銷所需的完整文件清單，並引用相關作業流程或法規條文，確保使用者能依照規定正確備齊表件。,補充缺失內容
AS-dgbas.csv,258,2790,0,缺少內容：未說明院外人士獲獎及學生獎助學金核銷時，具體應檢附的表件名稱、格式及填寫要點，例如「獎助金核銷申請表」或「獎助金領款清冊」等細節。；建議：補充完整的表件清單與說明，包括每項表件的名稱、必填欄位、簽名或蓋章要求、提交時機點及範例樣本，並說明如何在公庫集中支付作業系統中上傳或附加這些文件，以確保核銷流程順暢。,補充缺失內容
AS-dgbas.csv,259,2796,0,缺少內容：未說明各項表件（如經費執行進度表、收支清單、各項單據或其他佐證資料）的具體格式、範本以及提交的時限與審核流程。建議：在說明中補充每項必備文件的範例格式、應於何時提交（如報支前多少天）以及審核程序的步驟，並提供相關表格範本下載連結，以便申請單位依規定完整備齊文件。,補充缺失內容
AS-dgbas.csv,260,2806,0,缺少內容：未說明在 200 萬元以上採購案中，具體哪些文件需提交院本部、審核流程的時間限制、以及相關部門（如主計室、政風室）在審核時的具體職責與聯絡方式。；建議：補充說明提交的文件清單（如招標文件、開標紀錄、比價報告等），明確列出審核流程的步驟與時限，並提供主計室與政風室的聯絡窗口與負責人資訊，以便各所、中心依規定順利完成審批。,補充缺失內容
AS-dgbas.csv,261,2808,0,缺少內容：未提供差異說明,補充缺失內容
AS-dgbas.csv,262,2811,0,缺少內容：未提供差異說明,補充缺失內容
AS-dgbas.csv,263,2814,0,缺少內容：對於分批採購及後續擴充的具體計算方式說明不足，未說明如何處理不同批次的金額合併、何時視為同一採購案，以及缺乏相關法條條文的完整引用與解釋。；建議：補充說明分批採購時，各批次金額的合併計算原則，明確指出何種情形屬於同一採購案，並引用《施行細則》第6條的具體條文內容，同時提供實務案例或計算範例，以便使用者更易理解。,補充缺失內容
AS-dgbas.csv,264,2816,0,缺少內容：未說明押標金及保證金的具體繳納流程、繳納期限、以及繳納後的確認與退還機制，亦未提及相關法條的完整條文說明與適用情形。；建議：補充說明繳納的步驟（如提交方式、所需文件、繳納期限），並引用《採購法》第30條第2項的完整條文，說明繳納後的審核程序、保管方式以及退還或扣除的情形，以提供完整且可操作的指引。,補充缺失內容
AS-dgbas.csv,265,2818,0,缺少內容：回答未說明在何種情況下適用「不逾預算金額或預估採購總額之百分之五」與「不逾標價之百分之五」兩種原則，也未提供具體的法條條文編號或完整引用，導致資訊不完整。；建議：補充說明兩種計算方式的適用情境，並完整引用《押保辦法》第9條第2項的條文內容，必要時提供相關法規連結或說明，以提升答案的完整性與可驗證性。,補充缺失內容
AS-dgbas.csv,266,2820,0,缺少內容：對於何種情形屬於「非依人事法規辦理」的具體判斷標準缺乏說明，亦未列出相關法條或案例以佐證；建議：補充說明判斷依據，例如是否簽訂勞務契約、是否屬於外包服務，並引用相關政府採購法條文及行政院函件，提供實務操作流程圖或表格，方便使用者判斷。,補充缺失內容
AS-dgbas.csv,267,2823,0,"缺少內容：對於「機關邀請專家、學者授課或演講」的情形，說明中未具體列出何種情況下屬於自然人且適用「軍公教人員兼職費及講座鐘點費支給規定」或相關最高標準表，亦未說明哪些特定情形會被視為非自然人或需另行計酬而適用政府採購法，例如委託單位為法人、合作機構或涉及跨國顧問服務的具體條件。 
建議：在說明中加入以下內容：① 明確界定自然人與法人（或其他組織）在此類授課或演講委託中的區分標準；② 列舉適用「軍公教人員兼職費」等規定的具體情形與金額上限；③ 說明何種情形屬於「案件特殊」或「另行計酬」而必須依政府採購法辦理，並提供相關法條或行政規範的引用；④ 提供實務案例或常見問題的解答，以便使用者快速判斷適用性。",補充缺失內容
AS-dgbas.csv,268,2826,0,缺少內容：未說明機票及膳宿委辦的金額門檻、未列出適用的採購程序及相關法條細節，亦未提供具體的執行步驟或範例說明。；建議：補充說明金額門檻及其對應的採購方式（如公開招標、限制性招標或議價採購），引用《政府採購法》相關條文（例如第13條、第14條等），並提供具體的執行流程與注意事項，以便使用者能完整了解適用情形與操作步驟。,補充缺失內容
AS-dgbas.csv,269,2828,0,缺少內容：未提供差異說明,補充缺失內容
AS-dgbas.csv,270,2837,0,"缺少內容：未說明依據哪一部門或法規的具體規定，說明在驗收日遇颱風假時，是否可以直接順延或必須重新報請監辦的程序細節；也缺少對於「重新報院」的具體作業流程、所需文件及時限的說明。
建議：在回覆中加入相關法規條文或行政規章的引用，明確說明在颱風假情況下的驗收順延原則，並提供重新報院後的具體步驟、所需表單及審核時限，以便申請人依規定操作。",補充缺失內容
AS-dgbas.csv,271,2840,0,缺少內容：缺乏對「正驗」與「複驗」概念的說明，以及未提供依據說明為何在複驗時無需重新簽准監辦方式的法規或作業流程。；建議：在回覆中加入正驗與複驗的定義，引用相關作業流程或法規條文，說明正驗簽准後，後續的複驗仍適用同一監辦方式，無需再次簽准，並可提供實務操作示例以增強說服力。,補充缺失內容
AS-dgbas.csv,272,2843,0,缺少內容：未說明在總標價已等於底價且未符合政府採購法第58條「部分標價偏低」例外情形時，是否仍可進一步洽談減價的具體法律依據與程序。；建議：補充說明若廠商的總標價已在底價以內且不屬於第58條所列的部分標價偏低情形，依據《政府採購法》應直接宣布決標，且不可再要求廠商減價；若屬於第58條例外，則需說明如何依該條款進行重新議價或調整。,補充缺失內容
AS-dgbas.csv,273,2846,0,缺少內容：未說明在最低標廠商說明不合理且未接受差額保證金的情況下，機關應如何依《政府採購法》第58條的規定進行後續程序，缺乏對相關法律依據、具體操作步驟及判斷標準的闡述；建議：補充《政府採購法》第58條的具體規定說明，明確列出接受或不接受差額保證金的條件、程序及機關應採取的決標或重新招標措施，並提供相關行政解釋或案例以作參考。,補充缺失內容
AS-dgbas.csv,274,2849,0,缺少內容：未說明在最低標廠商報價介於底價70%至80%之間時，機關具體應如何評估其說明的合理性、差額保證金的計算方式、以及決標與不決標的判斷標準，缺乏對說明期限、評估指標及相關法條適用的詳細說明。；建議：補充具體的評估流程與標準，包括說明提交的期限、說明內容的評估要點（如品質、履約能力、價格合理性等），明確列出差額保證金的計算公式或比例，並引用相關採購法條文以作依據，此外提供決標與不決標的情境範例，確保執行人員能依據明確指引作出判斷。,補充缺失內容
AS-dgbas.csv,275,2856,0,缺少內容：未說明差額保證金與履約保證金的具體法律條文依據及其適用情形，亦未提供相關案例或判例佐證，導致說明不夠完整。；建議：補充政府採購法第58條及相關規定的條文說明，闡述差額保證金的性質、目的與履約保證金的區別，並引用實務案例或行政解釋以增強說服力。,補充缺失內容
AS-dgbas.csv,276,2859,0,缺少內容：缺少對於「文字」與「號碼」不符時，以文字為準之法律依據的具體說明，亦未說明若文字本身有錯誤或不清晰時的處理原則。；建議：在答案中加入《政府採購法施行細則》第81條的完整條文說明，並補充若文字亦有錯誤或不明確時，應依照更正程序或視為投標無效的相關規定，以提升答案的完整性與可操作性。,補充缺失內容
AS-dgbas.csv,277,2861,0,缺少內容：回覆中未提供相關法規條文或法源依據，說明「該廠商被拒絕往來前已得標或已簽約之案件（包括分包契約）仍得繼續履約」的法律根據僅為敘述，缺少具體條文（如《政府採購法》或相關行政規則）及其解釋，亦未說明若廠商在拒絕往來後違反合約會產生的法律後果。；建議：在答案中加入具體的法規條文或行政規範引用，例如《政府採購法》第○條關於已簽約案件的效力說明，並說明該條文的適用範圍與例外情形；同時補充若廠商在被列入拒絕往來名單後仍未依約履行，機關可依何種程序或法律依據主張違約責任，以提升回覆的完整性與可操作性。,補充缺失內容
AS-dgbas.csv,278,2864,0,"缺少內容：對於限制性招標向國外廠商的議價程序，說明中未列出具體的議價時間表、議價文件格式、以及未說明若廠商未回應書面議價時的處理方式；
建議：補充議價流程圖，明確規定議價的期限、所需提交的文件清單，並說明若無法取得回應的備案程序；同時引用相關法規條文以增強說服力。",補充缺失內容
AS-dgbas.csv,279,2866,0,缺少內容：對於「採購單位之主管」是否能擔任主驗人員的具體適用範圍、實務操作流程以及相關案例說明未作闡述，亦未說明在何種情況下需避免主管兼任主驗人員以防止利益衝突。；建議：補充說明主管擔任主驗人員的條件限制，例如需確保其不直接參與該採購案的日常承辦工作，並提供具體的內部審核機制或流程圖；同時列舉相關司法判例或行政指導案例，以加強說服力；最後建議在相關法規條文後加入實務操作指引，說明如何在制度上確保主管兼任主驗人員不違反第71條第3項的精神。,補充缺失內容
AS-dgbas.csv,280,2870,0,缺少內容：回覆未說明相關法規依據，例如《政府採購法》或《會計法》對於折讓金額的處理原則，亦未說明在會計憑證上如何註記折讓金額的具體作法。；建議：補充說明適用的法規條文，並提供在普通收據或統一發票上記載折讓金額的範例（如以總額減項方式列示），同時說明會計分錄的處理方式，以確保符合會計與採購規範。,補充缺失內容
AS-dgbas.csv,281,2873,0,"缺少內容：目前的回覆僅說明科研採購需符合經費來源屬於科技預算，且採購目的為科學技術研究發展，卻未具體說明哪些情形或條件下可適用，例如是否需符合特定法規（如《政府採購法》或《科研採購管理辦法》）、是否需要經過審核程序、哪些類型的科研項目或設備可列入、以及相關的申請與核准流程等。 
建議：在答案中補充具體的適用條件與程序說明，例如：①經費必須來自科技部或其他科技預算專案；②採購標的必須直接用於科研實驗、技術開發或成果驗證；③需符合《政府採購法》相關條款並經科研主管機關審核批准；④提供實務案例或常見情境（如購置實驗儀器、委託外部研發服務等），並附上相關法規或指引的連結，讓使用者能更完整了解何時可適用科研採購。",補充缺失內容
AS-dgbas.csv,282,2876,0,"缺少內容：原文僅列出兩類可辦理科研採購的經費，未說明本院其他可能適用的經費來源，如政府專案補助、產學合作計畫、國際合作研究經費等；亦未提供具體的經費編列代號或科目說明，缺乏對「科學技術研究發展之經費」的具體範疇界定；此外，對於「補助、委託、委辦有契約約定採購方式者」的處理流程、審核機制及疑義處理的具體步驟說明不足。
建議：在說明中加入完整的經費類別清單（如本院年度科研預算、中央政府專案補助、民間基金、國際合作經費等），並提供相應的會計科目代號或預算編號；說明各類經費在採購時的適用條件與限制；針對契約約定採購方式的情形，補充審查程序、責任單位及疑義處理的具體作業流程；最後，可附上相關法規條文或官方文件的連結，以便使用者查閱詳細規定。",補充缺失內容
AS-dgbas.csv,283,2880,0,缺少內容：未說明在什麼情況下可以免除通知監辦單位，亦未提供相關法條條文或實務操作流程的具體說明；建議：補充說明例外情形、相關法規條文編號，並提供通知流程的步驟與表單範例，以便使用者完整了解。,補充缺失內容
AS-dgbas.csv,284,2882,0,缺少內容：未提供各監辦單位（主計室、政風室及各所、中心兼辦會計監辦）的具體職責說明、聯絡窗口資訊以及相關法規依據的完整說明。；建議：補充說明主計室與政風室在公告招標案件中的監辦職責、各所、中心兼辦會計監辦的職責範圍、聯絡電話或電子郵件，以及可查詢的官方網站或文件連結，確保資訊完整且易於查找。,補充缺失內容
AS-dgbas.csv,285,2886,0,缺少內容：未提供具體的科研採購監辦方式清單與說明，例如實地監辦、書面審查、遠端監辦等各自的程序、適用情境及相關法規依據。；建議：補充完整的監辦方式列表，說明每種方式的執行步驟、所需文件、時間點及注意事項，並提供相關法規條文或指引連結，讓使用者能清楚了解如何依規定進行科研採購的監辦與驗收。,補充缺失內容
AS-dgbas.csv,286,2888,0,缺少內容：缺少對監辦人員會同監辦具體執行範圍的說明，例如在實地監看或書面審查過程中，哪些程序必須由監辦人員參與、如何記錄與報告監督結果，以及在何種情況下需要召開會同監辦會議。；建議：建議在說明中加入以下要點：① 明確列出監辦人員在開標、評標、驗收等階段的具體職責；② 說明會同監辦的程序，包括會議召集、議題討論、決議形成及紀錄保存方式；③ 提供實務操作範例或流程圖，協助執行人員了解何時需要會同監辦以及如何配合完成相關審查工作。,補充缺失內容
AS-dgbas.csv,287,2890,0,缺少內容：未說明低於 150 萬元之科研採購契約的具體審核流程與負責人員，以及缺乏對相關法規條文（如會計法第 100 條）之完整引用與解釋，未提供實務操作的步驟說明。；建議：補充說明 150 萬元以下契約的審核程序，包括授權兼辦會計的審查範圍、所需文件、簽核流程及時限；同時列出相關法規條文的完整引用，並提供實務操作指引，如提交主計室審核的表單範例、審核完成後的蓋章或簽名要求，以便使用者能清楚了解整個審核過程。,補充缺失內容
AS-dgbas.csv,288,2894,0,缺少內容：未具體列出《政府支出憑證處理要點》第2點的完整條文內容，也未說明財政部 75 年 4 月 28 日台財稅第 7541444 號函中「折讓金額」的具體定義與適用範圍，導致讀者無法直接核對法規原文；同時，對於使用非現金形式（如紅利點數、優惠券）作為折讓的會計處理細節說明不足，缺乏對相關憑證（如點數兌換單、優惠券使用證明）如何一併列入報支的具體指引。建議：在答案中加入上述法規條文的完整引用，說明點數與優惠券屬於「折讓」的法律依據，並提供實務操作建議，例如在報支時應附上點數兌換明細或優惠券使用證明，確保發票金額與實際支付金額一致，並符合政府支出憑證的完整性要求。,補充缺失內容
AS-dgbas.csv,289,2898,0,缺少內容：未說明在科研採購收取保固金時，具體的核銷流程、所需填列的表單名稱以及何種情況下可免附保固金收據影本的詳細規定。；建議：補充說明保固金收據與其他原始憑證的核銷步驟，列出相關作業表格（如《憑證一覽表》）及其填寫要點，並明確指出符合106年會計座談會決議的免附影本條件（如由兼辦出納於黏存單註明繳納並簽名），以便使用者完整了解核銷要求。,補充缺失內容
AS-dgbas.csv,290,2901,15,缺少內容：回覆未說明在何種情況下（例如契約另有規定）需要附上維修照片，亦未提供相關法規條文或文件編號作為依據，導致使用者無法判斷例外情形。；建議：補充說明：除非契約付款條件另有規定，否則核銷時免檢附維修照片；若契約中明訂需附照片，則應依契約執行。可引用主計室 105 年 9 月 1 日主計字第 1050506838 號書函的具體條文，並提供相關法規或作業流程的連結，以便使用者查證。,補充缺失內容
AS-dgbas.csv,291,2903,0,缺少內容：未說明報支的具體流程、所需提交的證明文件（如發票、參與證明等），以及是否有金額上限或其他限制條件。建議：補充報支所需的審核文件清單、申請步驟、相關金額限制與注意事項，並提供範例或表單以便執行單位審核。,補充缺失內容
AS-dgbas.csv,292,2906,0,"Invalid non-printable ASCII character in URL, '\n' at position 181.",確認網址可存取或調整爬取方式
AS-dgbas.csv,293,2913,0,缺少內容：未提供「耗材、物品、圖書及雜項費用」的具體項目、金額及其與會議的關聯說明，亦未說明參與人員的身分與會議性質。；建議：在申請或報支時，應列明各項費用的明細與金額，說明其屬於會議所需的耗材或雜項，並依照國科會 FAQ 的規定，將國內舉辦之國際研討會的報名費列入業務費，國外舉辦則列入出差行政費，以確保報支符合規範。,補充缺失內容
AS-dgbas.csv,294,2916,0,缺少內容：原始說明未具體列出可接受的禮券或現金支付上限、支付方式的審核流程、以及相關稅務與會計處理的詳細規範，亦未說明在何種情況下必須使用現金或禮券，以及如何確保受試者的知情同意與公平性。；建議：補充說明支付上限金額、審核與核准程序、稅務申報要求及會計憑證格式，並提供範例文件或表單，明確規範何時可使用禮券或現金，以及如何在核銷時附上相關簽准文件，以確保計畫執行符合國科會及相關法規的要求。,補充缺失內容
AS-dgbas.csv,295,2920,0,"缺少內容：未說明在不同研究計畫或不同機構情況下，是否有額外的保額上限或特殊規定，也未提供投保金額的計算依據與實務操作流程的具體說明。;
建議：補充說明各類研究計畫（如高危險性、長期海外）可能適用的保額上限或例外情形，並提供投保金額的計算範例與相關申請程序，必要時可引用最新的行政規範或指導文件，並建議向本院人事室或保險公司確認最終投保金額。",補充缺失內容
AS-dgbas.csv,296,2925,0,缺少內容：未說明關稅費用在計畫報支時的具體申報流程、所需附帶的證明文件（如海關繳稅收據）以及是否需要事先取得主管機關核准的程序細節。；建議：在說明關稅可列入「耗材、物品、圖書及雜項費用」的同時，補充申報步驟（如填寫費用明細、提供海關稅單影本），並提醒申請人確認是否需事先向國科會或所屬單位報備，以確保費用符合計畫核撥規範。,補充缺失內容
AS-dgbas.csv,297,2928,0,缺少內容：未說明在何種情況下，未支領薪資的計畫相關人員仍可被視為計畫相關人員，以及缺乏具體的審核流程與所需附件說明。建議：在 FAQ 中加入「未支領薪資人員的認定標準」與「申請國內研討會報名費的必要文件」說明，並提供範例或流程圖，確保執行單位能依據明確指引完成簽准與核銷。,補充缺失內容
AS-dgbas.csv,298,2931,0,"Invalid non-printable ASCII character in URL, '\n' at position 81.",確認網址可存取或調整爬取方式
AS-dgbas.csv,299,2940,70,缺少內容：未提供具體的接待國外訪賓餐敘之支付標準金額、上限或計算方式，只提到需比照「中央研究院各項膳宿費標準」辦理，缺乏直接可用的數值或範例。；建議：在說明中直接引用或摘要中央研究院膳宿費標準表中與國外訪賓餐敘相關的項目，列出具體的金額上限或計算公式，並註明適用的修訂日期與官方連結，以便使用者快速查閱與執行。,補充缺失內容
AS-dgbas.csv,300,2943,0,缺少內容：目前的說明未提供資本門研究設備費的申請流程、所需提交的文件、審核時的具體判斷標準，以及若設備金額或使用年限不符合時，如何在業務費項下列支的具體作業步驟與會計處理方式。建議：補充完整的申請程序說明，包括申請表格、必要附件、審核時程與判斷依據；同時提供業務費列支的範例與會計處理指引，並在 FAQ 中加入相關連結或參考文件，讓申請人能清楚了解何時應列支資本門研究設備費以及相關作業細節。,補充缺失內容
AS-dgbas.csv,301,2946,0,"Invalid non-printable ASCII character in URL, '\n' at position 23.",確認網址可存取或調整爬取方式
AS-dgbas.csv,302,2951,0,"缺少內容：原回覆未說明在跨年度調整支用時，需遵循的具體內部行政程序與必要的文件證明，例如需提交的經費使用報告、主管核准簽字表單，以及如何在系統中標註跨年度調整的金額與項目。亦未提醒計畫負責人注意，若計畫編號在不同年度變更，則無法跨年度使用未用完的差旅費，需提前規劃或申請補足。
建議：在說明中加入跨年度支用的操作步驟與所需文件清單，並提供一個簡易流程圖或範例表格，說明如何在系統內完成跨年度調整。此外，提醒使用者若計畫編號變更，應於每年度結束前將未使用的差旅費用依規定繳回國科會，避免違規。",補充缺失內容
AS-dgbas.csv,303,2954,0,缺少內容：未提供差異說明,補充缺失內容
AS-dgbas.csv,304,2957,0,缺少內容：未說明若將出席國際會議的4萬元流用至業務費，是否已取得國科會或校方的正式變更核准，以及此流用是否符合「變更」或「流用」的規定。；建議：在結報說明中明確列出已獲核准的流用或變更程序，並依據國科會《補助專題研究計畫經費處理原則》第九點，將未依原規劃執行的10萬元國際合作與移地研究款項及剩餘的6萬元出席國際會議款項如數繳回，同時在報告中註明流用4萬元的依據與批准文件，以確保符合財務規範。,補充缺失內容
AS-dgbas.csv,305,2960,0,"Invalid non-printable ASCII character in URL, '\n' at position 23.",確認網址可存取或調整爬取方式
AS-dgbas.csv,306,2965,0,缺少內容：原文未說明在申報國外短期研究期間參加國際學術會議的交通費時，具體需要提交哪些類型的收據（如機票、搭乘其他交通工具的票據）以及是否需要附加說明或審核表格；也未提供申報流程的詳細步驟、審核時限或常見問題的解答。；建議：補充說明可接受的收據類型與格式，列出申報所需的完整文件清單（包括收據、行程表、會議邀請函等），並提供一步步的申報流程說明與聯絡窗口，以便申請人依規定順利完成報支。,補充缺失內容
AS-dgbas.csv,307,2968,0,缺少內容：未說明委任兼任人員參加會議的具體審批流程、所需提交的文件、以及是否需要原主持人簽署同意書等細節。；建議：在說明中加入委任程序的步驟說明，包括內部簽核流程、所需附件（如委任書、差旅計畫書），以及最終報支時的核准權責，並明確指出若共同主持人未能出席，仍可由兼任人員代為出席，但須取得原主持人書面同意並完成相關行政手續。,補充缺失內容
AS-dgbas.csv,308,2972,0,缺少內容：未說明在兩個不同專題研究計畫中，若同一篇論文同時列入各自的國外差旅費時，如何避免重複列支以及需要提交的證明文件細節。；建議：在申請時，分別說明該論文與各計畫的直接關聯性，提供計畫執行報告或成果說明作為依據，並在經費報表中註明已列支於其他計畫的情形，確保不重複計算，同時備妥相關審核文件以供核給單位查核。,補充缺失內容
AS-dgbas.csv,309,2975,25,缺少內容：未提供差異說明,補充缺失內容
AS-dgbas.csv,310,2978,40,缺少內容：目前的說明未列明租車報支的具體金額上限、所需提交的憑證（如租車合約、發票）以及審核流程的詳細步驟，亦未說明若未取得國科會同意時的處理方式。；建議：在規定中補充租車費用的最高補助標準或計算方式，明確要求提供租車合約、正式發票及行程表等憑證，並說明審核程序（如需主管簽核、國科會核准的文件流程），同時加入未獲國科會同意時的例外處理或備註說明，以提升執行的透明度與合規性。,補充缺失內容
AS-dgbas.csv,311,2981,70,缺少內容：未提供差異說明,補充缺失內容
AS-dgbas.csv,312,2984,0,"缺少內容：未說明具體依據的法規條文（如《行政院國家科學委員會補助管理要點》或《行政院預算執行法》）以及相關審核流程，亦未提供實務操作中如何向國科會申請例外或重新核定的具體步驟。缺少對於「法令模糊空間」的判斷標準及其適用範圍的說明，導致讀者無法判斷何種情形可由機構管理費扣回。
建議：在說明中加入相關法規條文的引用，明確列出審核與申請例外的程序（如提交說明書、主管機關審核、核准文件等），並提供判斷「法令模糊空間」的具體指標或案例，說明何時可以由管理費扣回以及扣回的上限或比例，以便執行單位依規定正確處理不得核銷的經費。",補充缺失內容
AS-dgbas.csv,313,2988,0,"缺少內容：缺乏對於「原核定之出席國際會議差旅費變更為移地研究差旅費」的具體審核流程、所需提交的證明文件、以及國科會不同意變更的具體依據與處理原則的說明。;
建議：建議補充說明變更申請的完整程序，包括申請表格、必要的證明文件（如會議取消通知、研究計畫變更說明等），並明確列出若國科會不同意變更時的應對措施，如申訴流程、預算調整方式、與國科會協調的具體步驟，以及可能的管理費扣減機制，以確保審核機制的透明與完整。",補充缺失內容
AS-dgbas.csv,314,2992,0,"Invalid non-printable ASCII character in URL, '\n' at position 81.",確認網址可存取或調整爬取方式
AS-dgbas.csv,315,3004,0,缺少內容：對於管理費不敷支用的具體金額、相關計畫的預算分配說明，以及是否已嘗試調整其他項目預算的情形。；建議：建議向主管機關（如國科會）申請追加補助，或在符合規定的前提下調整本計畫內其他可調整項目的預算；如仍無法解決，可考慮尋求校內或其他相關單位的資金支援，並確保未來的預算編列中留有足夠的管理費備用金額。,補充缺失內容
AS-dgbas.csv,316,3006,0,缺少內容：未說明管理費流出比例超過 50% 時的具體申報流程、所需提交的文件、審核時限，以及何種情形屬於特殊例外。；建議：在回覆中加入國科會規定的申報步驟說明，列出需提交的書面說明與內部核准程序，說明審核時程與特殊情形的判定標準，並提供相關表單或範本，以便執行機構依規定正確辦理。,補充缺失內容
